{
	"credit": "Made with Blockbench",
	"textures": {
		"0": "block/powered_rail_on",
		"2": "block/rail",
		"particle": "block/activator_rail_on"
	},
	"elements": [
		{
			"name": "voxel",
			"from": [10, 0, 5],
			"to": [11, 1, 7],
			"rotation": {"angle": 0, "axis": "y", "origin": [8, 8, 12]},
			"faces": {
				"north": {"uv": [5, 1, 6, 2], "texture": "#0"},
				"south": {"uv": [5, 1, 6, 2], "rotation": 180, "texture": "#0"},
				"up": {"uv": [5, 1, 6, 3], "texture": "#0"},
				"down": {"uv": [5, 1, 6, 3], "rotation": 180, "texture": "#0"}
			}
		},
		{
			"name": "voxel",
			"from": [10, 0, 1],
			"to": [11, 1, 3],
			"faces": {
				"north": {"uv": [5, 1, 6, 2], "texture": "#0"},
				"south": {"uv": [5, 1, 6, 2], "rotation": 180, "texture": "#0"},
				"up": {"uv": [5, 1, 6, 3], "texture": "#0"},
				"down": {"uv": [5, 1, 6, 3], "rotation": 180, "texture": "#0"}
			}
		},
		{
			"name": "voxel",
			"from": [10, 0, 9],
			"to": [11, 1, 11],
			"rotation": {"angle": 0, "axis": "y", "origin": [8, 8, 16]},
			"faces": {
				"north": {"uv": [5, 1, 6, 2], "texture": "#0"},
				"south": {"uv": [5, 1, 6, 2], "rotation": 180, "texture": "#0"},
				"up": {"uv": [5, 1, 6, 3], "texture": "#0"},
				"down": {"uv": [5, 1, 6, 3], "rotation": 180, "texture": "#0"}
			}
		},
		{
			"name": "voxel",
			"from": [10, 0, 13],
			"to": [11, 1, 15],
			"rotation": {"angle": 0, "axis": "y", "origin": [8, 8, 20]},
			"faces": {
				"north": {"uv": [5, 1, 6, 2], "texture": "#0"},
				"south": {"uv": [5, 1, 6, 2], "rotation": 180, "texture": "#0"},
				"up": {"uv": [5, 1, 6, 3], "texture": "#0"},
				"down": {"uv": [5, 1, 6, 3], "rotation": 180, "texture": "#0"}
			}
		},
		{
			"name": "voxel",
			"from": [5, 0, 5],
			"to": [6, 1, 7],
			"rotation": {"angle": 0, "axis": "y", "origin": [8, 8, 12]},
			"faces": {
				"north": {"uv": [8.125, 4, 7.125, 5], "texture": "#0"},
				"south": {"uv": [6, 1, 5, 2], "rotation": 180, "texture": "#0"},
				"up": {"uv": [8, 9, 9, 7], "rotation": 180, "texture": "#0"},
				"down": {"uv": [5, 3, 6, 1], "texture": "#0"}
			}
		},
		{
			"name": "voxel",
			"from": [5, 0, 1],
			"to": [6, 1, 3],
			"faces": {
				"north": {"uv": [8.125, 4, 7.125, 5], "texture": "#0"},
				"south": {"uv": [6, 1, 5, 2], "rotation": 180, "texture": "#0"},
				"up": {"uv": [8, 9, 9, 7], "rotation": 180, "texture": "#0"},
				"down": {"uv": [5, 3, 6, 1], "texture": "#0"}
			}
		},
		{
			"name": "voxel",
			"from": [5, 0, 9],
			"to": [6, 1, 11],
			"rotation": {"angle": 0, "axis": "y", "origin": [8, 8, 16]},
			"faces": {
				"north": {"uv": [8.125, 4, 7.125, 5], "texture": "#0"},
				"south": {"uv": [6, 1, 5, 2], "rotation": 180, "texture": "#0"},
				"up": {"uv": [8, 9, 9, 7], "rotation": 180, "texture": "#0"},
				"down": {"uv": [5, 3, 6, 1], "texture": "#0"}
			}
		},
		{
			"name": "voxel",
			"from": [5, 0, 13],
			"to": [6, 1, 15],
			"rotation": {"angle": 0, "axis": "y", "origin": [7, 8, 20]},
			"faces": {
				"north": {"uv": [8.125, 4, 7.125, 5], "texture": "#0"},
				"south": {"uv": [6, 1, 5, 2], "rotation": 180, "texture": "#0"},
				"up": {"uv": [8, 9, 9, 7], "rotation": 180, "texture": "#0"},
				"down": {"uv": [5, 3, 6, 1], "texture": "#0"}
			}
		},
		{
			"name": "voxel",
			"from": [7, 0, 7],
			"to": [9, 1, 9],
			"rotation": {"angle": 0, "axis": "y", "origin": [8, 8, 12]},
			"faces": {
				"east": {"uv": [7, 8, 9, 9], "texture": "#0"},
				"west": {"uv": [7, 4, 9, 5], "texture": "#0"},
				"up": {"uv": [7, 7, 9, 9], "rotation": 180, "texture": "#0"},
				"down": {"uv": [7, 7, 9, 9], "rotation": 90, "texture": "#0"}
			}
		},
		{
			"name": "voxel",
			"from": [7, 0, 3],
			"to": [9, 1, 5],
			"faces": {
				"east": {"uv": [7, 3, 9, 4], "texture": "#0"},
				"west": {"uv": [7, 4, 9, 5], "texture": "#0"},
				"up": {"uv": [7, 3, 9, 5], "rotation": 180, "texture": "#0"},
				"down": {"uv": [7, 3, 9, 5], "rotation": 90, "texture": "#0"}
			}
		},
		{
			"name": "voxel",
			"from": [7, 0, 11],
			"to": [9, 1, 13],
			"rotation": {"angle": 0, "axis": "y", "origin": [8, 8, 16]},
			"faces": {
				"east": {"uv": [7, 4, 9, 5], "texture": "#0"},
				"west": {"uv": [7, 3, 9, 4], "texture": "#0"},
				"up": {"uv": [7, 11, 9, 13], "rotation": 270, "texture": "#0"},
				"down": {"uv": [7, 11, 9, 13], "rotation": 180, "texture": "#0"}
			}
		},
		{
			"name": "voxel",
			"from": [1, 0, 1],
			"to": [2, 1, 3],
			"rotation": {"angle": 0, "axis": "y", "origin": [1.5, 0.5, 8]},
			"faces": {
				"north": {"uv": [2, 2, 1, 3], "texture": "#0"},
				"south": {"uv": [2, 1, 1, 2], "texture": "#0"},
				"west": {"uv": [2, 1, 1, 3], "rotation": 90, "texture": "#0"},
				"up": {"uv": [1, 3, 2, 1], "texture": "#0"},
				"down": {"uv": [2, 1, 1, 2], "texture": "#0"}
			}
		},
		{
			"name": "voxel",
			"from": [14, 0, 1],
			"to": [15, 1, 3],
			"rotation": {"angle": 0, "axis": "y", "origin": [14.5, 0.5, 8]},
			"faces": {
				"north": {"uv": [1, 2, 2, 3], "texture": "#0"},
				"east": {"uv": [2, 3, 1, 1], "rotation": 90, "texture": "#0"},
				"south": {"uv": [1, 1, 2, 2], "texture": "#0"},
				"up": {"uv": [2, 3, 1, 1], "texture": "#0"},
				"down": {"uv": [1, 1, 2, 2], "texture": "#0"}
			}
		},
		{
			"name": "voxel",
			"from": [1, 0, 5],
			"to": [2, 1, 7],
			"rotation": {"angle": 0, "axis": "y", "origin": [1.5, 0.5, 8]},
			"faces": {
				"north": {"uv": [2, 2, 1, 3], "texture": "#0"},
				"south": {"uv": [2, 1, 1, 2], "texture": "#0"},
				"west": {"uv": [2, 1, 1, 3], "rotation": 90, "texture": "#0"},
				"up": {"uv": [1, 3, 2, 1], "texture": "#0"},
				"down": {"uv": [2, 1, 1, 2], "texture": "#0"}
			}
		},
		{
			"name": "voxel",
			"from": [14, 0, 5],
			"to": [15, 1, 7],
			"rotation": {"angle": 0, "axis": "y", "origin": [14.5, 0.5, 8]},
			"faces": {
				"north": {"uv": [1, 2, 2, 3], "texture": "#0"},
				"east": {"uv": [2, 3, 1, 1], "rotation": 90, "texture": "#0"},
				"south": {"uv": [1, 1, 2, 2], "texture": "#0"},
				"up": {"uv": [2, 3, 1, 1], "texture": "#0"},
				"down": {"uv": [1, 1, 2, 2], "texture": "#0"}
			}
		},
		{
			"name": "voxel",
			"from": [1, 0, 9],
			"to": [2, 1, 11],
			"rotation": {"angle": 0, "axis": "y", "origin": [1.5, 0.5, 8]},
			"faces": {
				"north": {"uv": [2, 2, 1, 3], "texture": "#0"},
				"south": {"uv": [2, 1, 1, 2], "texture": "#0"},
				"west": {"uv": [2, 1, 1, 3], "rotation": 90, "texture": "#0"},
				"up": {"uv": [1, 3, 2, 1], "texture": "#0"},
				"down": {"uv": [2, 1, 1, 2], "texture": "#0"}
			}
		},
		{
			"name": "voxel",
			"from": [14, 0, 9],
			"to": [15, 1, 11],
			"rotation": {"angle": 0, "axis": "y", "origin": [14.5, 0.5, 8]},
			"faces": {
				"north": {"uv": [1, 2, 2, 3], "texture": "#0"},
				"east": {"uv": [2, 3, 1, 1], "rotation": 90, "texture": "#0"},
				"south": {"uv": [1, 1, 2, 2], "texture": "#0"},
				"up": {"uv": [2, 3, 1, 1], "texture": "#0"},
				"down": {"uv": [1, 1, 2, 2], "texture": "#0"}
			}
		},
		{
			"name": "voxel",
			"from": [1, 0, 13],
			"to": [2, 1, 15],
			"rotation": {"angle": 0, "axis": "y", "origin": [1.5, 0.5, 8]},
			"faces": {
				"north": {"uv": [2, 2, 1, 3], "texture": "#0"},
				"south": {"uv": [2, 1, 1, 2], "texture": "#0"},
				"west": {"uv": [2, 1, 1, 3], "rotation": 90, "texture": "#0"},
				"up": {"uv": [1, 3, 2, 1], "texture": "#0"},
				"down": {"uv": [2, 1, 1, 2], "texture": "#0"}
			}
		},
		{
			"name": "voxel",
			"from": [14, 0, 13],
			"to": [15, 1, 15],
			"rotation": {"angle": 0, "axis": "y", "origin": [14.5, 0.5, 8]},
			"faces": {
				"north": {"uv": [1, 2, 2, 3], "texture": "#0"},
				"east": {"uv": [2, 3, 1, 1], "rotation": 90, "texture": "#0"},
				"south": {"uv": [1, 1, 2, 2], "texture": "#0"},
				"up": {"uv": [2, 3, 1, 1], "texture": "#0"},
				"down": {"uv": [1, 1, 2, 2], "texture": "#0"}
			}
		},
		{
			"name": "voxel",
			"from": [6, 0, 5],
			"to": [10, 1, 7],
			"rotation": {"angle": 0, "axis": "y", "origin": [8, 8, 12]},
			"faces": {
				"north": {"uv": [6, 2, 10, 3], "texture": "#0"},
				"south": {"uv": [6, 1, 10, 2], "texture": "#0"},
				"up": {"uv": [6, 1, 10, 3], "rotation": 180, "texture": "#0"},
				"down": {"uv": [6, 1, 10, 3], "texture": "#0"}
			}
		},
		{
			"name": "voxel",
			"from": [6, 0, 1],
			"to": [10, 1, 3],
			"faces": {
				"north": {"uv": [6, 2, 10, 3], "texture": "#0"},
				"south": {"uv": [6, 1, 10, 2], "texture": "#0"},
				"up": {"uv": [6, 1, 10, 3], "rotation": 180, "texture": "#0"},
				"down": {"uv": [6, 1, 10, 3], "texture": "#0"}
			}
		},
		{
			"name": "voxel",
			"from": [6, 0, 9],
			"to": [10, 1, 11],
			"rotation": {"angle": 0, "axis": "y", "origin": [8, 8, 16]},
			"faces": {
				"north": {"uv": [6, 2, 10, 3], "texture": "#0"},
				"south": {"uv": [6, 1, 10, 2], "texture": "#0"},
				"up": {"uv": [6, 1, 10, 3], "rotation": 180, "texture": "#0"},
				"down": {"uv": [6, 1, 10, 3], "texture": "#0"}
			}
		},
		{
			"name": "voxel",
			"from": [6, 0, 13],
			"to": [10, 1, 15],
			"rotation": {"angle": 0, "axis": "y", "origin": [8, 8, 20]},
			"faces": {
				"north": {"uv": [6, 2, 10, 3], "texture": "#0"},
				"south": {"uv": [6, 1, 10, 2], "texture": "#0"},
				"up": {"uv": [6, 1, 10, 3], "rotation": 180, "texture": "#0"},
				"down": {"uv": [6, 1, 10, 3], "texture": "#0"}
			}
		},
		{
			"name": "voxel",
			"from": [11, 0, 5],
			"to": [14, 1, 7],
			"rotation": {"angle": 0, "axis": "y", "origin": [8, 8, 12]},
			"faces": {
				"north": {"uv": [5, 6, 8, 7], "rotation": 180, "texture": "#0"},
				"south": {"uv": [5, 5, 8, 6], "texture": "#0"},
				"up": {"uv": [5, 11, 8, 13], "rotation": 180, "texture": "#0"},
				"down": {"uv": [5, 5, 8, 7], "texture": "#0"}
			}
		},
		{
			"name": "voxel",
			"from": [11, 0, 1],
			"to": [14, 1, 3],
			"faces": {
				"north": {"uv": [5, 6, 8, 7], "rotation": 180, "texture": "#0"},
				"south": {"uv": [5, 5, 8, 6], "texture": "#0"},
				"up": {"uv": [5, 11, 8, 13], "rotation": 180, "texture": "#0"},
				"down": {"uv": [5, 5, 8, 7], "texture": "#0"}
			}
		},
		{
			"name": "voxel",
			"from": [11, 0, 9],
			"to": [14, 1, 11],
			"rotation": {"angle": 0, "axis": "y", "origin": [8, 8, 16]},
			"faces": {
				"north": {"uv": [5, 6, 8, 7], "rotation": 180, "texture": "#0"},
				"south": {"uv": [5, 5, 8, 6], "texture": "#0"},
				"up": {"uv": [5, 11, 8, 13], "rotation": 180, "texture": "#0"},
				"down": {"uv": [5, 5, 8, 7], "texture": "#0"}
			}
		},
		{
			"name": "voxel",
			"from": [11, 0, 13],
			"to": [14, 1, 15],
			"rotation": {"angle": 0, "axis": "y", "origin": [8, 8, 20]},
			"faces": {
				"north": {"uv": [5, 6, 8, 7], "rotation": 180, "texture": "#0"},
				"south": {"uv": [5, 5, 8, 6], "texture": "#0"},
				"up": {"uv": [5, 11, 8, 13], "rotation": 180, "texture": "#0"},
				"down": {"uv": [5, 5, 8, 7], "texture": "#0"}
			}
		},
		{
			"name": "voxel",
			"from": [2, 0, 5],
			"to": [5, 1, 7],
			"rotation": {"angle": 0, "axis": "y", "origin": [8, 8, 12]},
			"faces": {
				"north": {"uv": [5, 2, 8, 3], "texture": "#0"},
				"south": {"uv": [5, 6, 8, 7], "rotation": 180, "texture": "#0"},
				"up": {"uv": [5, 11, 8, 13], "texture": "#0"},
				"down": {"uv": [5, 13, 8, 15], "rotation": 180, "texture": "#0"}
			}
		},
		{
			"name": "voxel",
			"from": [2, 0, 1],
			"to": [5, 1, 3],
			"faces": {
				"north": {"uv": [5, 2, 8, 3], "texture": "#0"},
				"south": {"uv": [5, 6, 8, 7], "rotation": 180, "texture": "#0"},
				"up": {"uv": [5, 11, 8, 13], "texture": "#0"},
				"down": {"uv": [5, 13, 8, 15], "rotation": 180, "texture": "#0"}
			}
		},
		{
			"name": "voxel",
			"from": [2, 0, 9],
			"to": [5, 1, 11],
			"rotation": {"angle": 0, "axis": "y", "origin": [8, 8, 16]},
			"faces": {
				"north": {"uv": [5, 2, 8, 3], "texture": "#0"},
				"south": {"uv": [5, 6, 8, 7], "rotation": 180, "texture": "#0"},
				"up": {"uv": [5, 11, 8, 13], "texture": "#0"},
				"down": {"uv": [5, 13, 8, 15], "rotation": 180, "texture": "#0"}
			}
		},
		{
			"name": "voxel",
			"from": [2, 0, 13],
			"to": [5, 1, 15],
			"rotation": {"angle": 0, "axis": "y", "origin": [8, 8, 20]},
			"faces": {
				"north": {"uv": [5, 2, 8, 3], "texture": "#0"},
				"south": {"uv": [5, 6, 8, 7], "rotation": 180, "texture": "#0"},
				"up": {"uv": [5, 11, 8, 13], "texture": "#0"},
				"down": {"uv": [5, 13, 8, 15], "rotation": 180, "texture": "#0"}
			}
		},
		{
			"name": "voxel",
			"from": [2, 1, 0],
			"to": [4, 2, 16],
			"faces": {
				"north": {"uv": [12, 0, 14, 1], "texture": "#2"},
				"east": {"uv": [12, 0, 13, 16], "rotation": 270, "texture": "#2"},
				"south": {"uv": [2, 15, 4, 16], "texture": "#2"},
				"west": {"uv": [2, 0.375, 3, 16], "rotation": 270, "texture": "#2"},
				"up": {"uv": [2, 0, 4, 16], "texture": "#2"},
				"down": {"uv": [12, 0, 14, 16], "rotation": 180, "texture": "#2"}
			}
		},
		{
			"name": "voxel",
			"from": [12, 1, 0],
			"to": [14, 2, 16],
			"faces": {
				"north": {"uv": [12, 0, 14, 1], "rotation": 180, "texture": "#2"},
				"east": {"uv": [2, 0, 3, 16], "rotation": 270, "texture": "#2"},
				"south": {"uv": [12, 0, 14, 1], "texture": "#2"},
				"west": {"uv": [3, 0, 4, 16], "rotation": 90, "texture": "#2"},
				"up": {"uv": [12, 0, 14, 16], "texture": "#2"},
				"down": {"uv": [2, 0, 4, 16], "rotation": 180, "texture": "#2"}
			}
		}
	],
	"groups": [
		{
			"name": "powered_rail",
			"origin": [8, 8, 8],
			"children": [0, 1, 2, 3, 4, 5, 6, 7, 8, 9, 10, 11, 12, 13, 14, 15, 16, 17, 18, 19, 20, 21, 22, 23, 24, 25, 26, 27, 28, 29, 30, 31, 32]
		}
	]
}