{
	"credit": "Made with Blockbench",
	"ambientocclusion": false,
	"textures": {
		"0": "block/powered_rail",
		"particle": "block/activator_rail"
	},
	"elements": [
		{
			"name": "voxel",
			"from": [10, 7.97959, 9.97915],
			"to": [11, 8.97959, 11.97915],
			"rotation": {"angle": -45, "axis": "x", "origin": [8, 8.55841, 8.97204]},
			"faces": {
				"north": {"uv": [6, 1, 5, 2], "rotation": 180, "texture": "#0"},
				"south": {"uv": [6, 1, 5, 2], "texture": "#0"},
				"up": {"uv": [5, 3, 6, 1], "texture": "#0"},
				"down": {"uv": [5, 3, 6, 1], "rotation": 180, "texture": "#0"}
			}
		},
		{
			"name": "voxel",
			"from": [10, 7.97959, 13.97915],
			"to": [11, 8.97959, 15.97915],
			"rotation": {"angle": -45, "axis": "x", "origin": [8, 8.55841, 8.97204]},
			"faces": {
				"north": {"uv": [6, 1, 5, 2], "rotation": 180, "texture": "#0"},
				"south": {"uv": [6, 1, 5, 2], "texture": "#0"},
				"up": {"uv": [5, 3, 6, 1], "texture": "#0"},
				"down": {"uv": [5, 3, 6, 1], "rotation": 180, "texture": "#0"}
			}
		},
		{
			"name": "voxel",
			"from": [10, 7.97959, 5.97915],
			"to": [11, 8.97959, 7.97915],
			"rotation": {"angle": -45, "axis": "x", "origin": [8, 8.55841, 8.97204]},
			"faces": {
				"north": {"uv": [6, 1, 5, 2], "rotation": 180, "texture": "#0"},
				"south": {"uv": [6, 1, 5, 2], "texture": "#0"},
				"up": {"uv": [5, 3, 6, 1], "texture": "#0"},
				"down": {"uv": [5, 3, 6, 1], "rotation": 180, "texture": "#0"}
			}
		},
		{
			"name": "voxel",
			"from": [10, 7.97959, 1.97915],
			"to": [11, 8.97959, 3.97915],
			"rotation": {"angle": -45, "axis": "x", "origin": [8, 8.55841, 8.97204]},
			"faces": {
				"north": {"uv": [6, 1, 5, 2], "rotation": 180, "texture": "#0"},
				"south": {"uv": [6, 1, 5, 2], "texture": "#0"},
				"up": {"uv": [5, 3, 6, 1], "texture": "#0"},
				"down": {"uv": [5, 3, 6, 1], "rotation": 180, "texture": "#0"}
			}
		},
		{
			"name": "voxel",
			"from": [5, 7.97959, 9.97915],
			"to": [6, 8.97959, 11.97915],
			"rotation": {"angle": -45, "axis": "x", "origin": [8, 8.55841, 8.97204]},
			"faces": {
				"north": {"uv": [5, 1, 6, 2], "rotation": 180, "texture": "#0"},
				"south": {"uv": [7.125, 4, 8.125, 5], "texture": "#0"},
				"up": {"uv": [8, 7, 9, 9], "rotation": 180, "texture": "#0"},
				"down": {"uv": [5, 1, 6, 3], "texture": "#0"}
			}
		},
		{
			"name": "voxel",
			"from": [5, 7.97959, 13.97915],
			"to": [6, 8.97959, 15.97915],
			"rotation": {"angle": -45, "axis": "x", "origin": [8, 8.55841, 8.97204]},
			"faces": {
				"north": {"uv": [5, 1, 6, 2], "rotation": 180, "texture": "#0"},
				"south": {"uv": [7.125, 4, 8.125, 5], "texture": "#0"},
				"up": {"uv": [8, 7, 9, 9], "rotation": 180, "texture": "#0"},
				"down": {"uv": [5, 1, 6, 3], "texture": "#0"}
			}
		},
		{
			"name": "voxel",
			"from": [5, 7.97959, 5.97915],
			"to": [6, 8.97959, 7.97915],
			"rotation": {"angle": -45, "axis": "x", "origin": [8, 8.55841, 8.97204]},
			"faces": {
				"north": {"uv": [5, 1, 6, 2], "rotation": 180, "texture": "#0"},
				"south": {"uv": [7.125, 4, 8.125, 5], "texture": "#0"},
				"up": {"uv": [8, 7, 9, 9], "rotation": 180, "texture": "#0"},
				"down": {"uv": [5, 1, 6, 3], "texture": "#0"}
			}
		},
		{
			"name": "voxel",
			"from": [5, 7.97959, 1.97915],
			"to": [6, 8.97959, 3.97915],
			"rotation": {"angle": -45, "axis": "x", "origin": [8, 8.55841, 8.97204]},
			"faces": {
				"north": {"uv": [5, 1, 6, 2], "rotation": 180, "texture": "#0"},
				"south": {"uv": [7.125, 4, 8.125, 5], "texture": "#0"},
				"up": {"uv": [8, 7, 9, 9], "rotation": 180, "texture": "#0"},
				"down": {"uv": [5, 1, 6, 3], "texture": "#0"}
			}
		},
		{
			"name": "voxel",
			"from": [7, 7.97959, 7.97915],
			"to": [9, 8.97959, 9.97915],
			"rotation": {"angle": -45, "axis": "x", "origin": [8, 8.55841, 8.97204]},
			"faces": {
				"east": {"uv": [9, 8, 7, 9], "texture": "#0"},
				"west": {"uv": [9, 4, 7, 5], "texture": "#0"},
				"up": {"uv": [7, 9, 9, 7], "rotation": 180, "texture": "#0"},
				"down": {"uv": [9, 7, 7, 9], "rotation": 90, "texture": "#0"}
			}
		},
		{
			"name": "voxel",
			"from": [7, 7.97959, 11.97915],
			"to": [9, 8.97959, 13.97915],
			"rotation": {"angle": -45, "axis": "x", "origin": [8, 8.55841, 8.97204]},
			"faces": {
				"east": {"uv": [9, 3, 7, 4], "texture": "#0"},
				"west": {"uv": [9, 4, 7, 5], "texture": "#0"},
				"up": {"uv": [7, 5, 9, 3], "rotation": 180, "texture": "#0"},
				"down": {"uv": [9, 3, 7, 5], "rotation": 90, "texture": "#0"}
			}
		},
		{
			"name": "voxel",
			"from": [7, 7.97959, 3.97915],
			"to": [9, 8.97959, 5.97915],
			"rotation": {"angle": -45, "axis": "x", "origin": [8, 8.55841, 8.97204]},
			"faces": {
				"east": {"uv": [9, 4, 7, 5], "texture": "#0"},
				"west": {"uv": [9, 3, 7, 4], "texture": "#0"},
				"up": {"uv": [9, 11, 7, 13], "rotation": 270, "texture": "#0"},
				"down": {"uv": [7, 13, 9, 11], "rotation": 180, "texture": "#0"}
			}
		},
		{
			"name": "voxel",
			"from": [1, 7.97959, 13.97915],
			"to": [2, 8.97959, 15.97915],
			"rotation": {"angle": -45, "axis": "x", "origin": [8, 8.55841, 8.97204]},
			"faces": {
				"north": {"uv": [1, 1, 2, 2], "texture": "#0"},
				"south": {"uv": [1, 2, 2, 3], "texture": "#0"},
				"west": {"uv": [2, 3, 1, 1], "rotation": 90, "texture": "#0"},
				"up": {"uv": [1, 1, 2, 3], "texture": "#0"},
				"down": {"uv": [2, 2, 1, 1], "texture": "#0"}
			}
		},
		{
			"name": "voxel",
			"from": [14, 7.97959, 13.97915],
			"to": [15, 8.97959, 15.97915],
			"rotation": {"angle": -45, "axis": "x", "origin": [8, 8.55841, 8.97204]},
			"faces": {
				"north": {"uv": [2, 1, 1, 2], "texture": "#0"},
				"east": {"uv": [2, 1, 1, 3], "rotation": 90, "texture": "#0"},
				"south": {"uv": [2, 2, 1, 3], "texture": "#0"},
				"up": {"uv": [2, 1, 1, 3], "texture": "#0"},
				"down": {"uv": [1, 2, 2, 1], "texture": "#0"}
			}
		},
		{
			"name": "voxel",
			"from": [1, 7.97959, 9.97915],
			"to": [2, 8.97959, 11.97915],
			"rotation": {"angle": -45, "axis": "x", "origin": [8, 8.55841, 8.97204]},
			"faces": {
				"north": {"uv": [1, 1, 2, 2], "texture": "#0"},
				"south": {"uv": [1, 2, 2, 3], "texture": "#0"},
				"west": {"uv": [2, 3, 1, 1], "rotation": 90, "texture": "#0"},
				"up": {"uv": [1, 1, 2, 3], "texture": "#0"},
				"down": {"uv": [2, 2, 1, 1], "texture": "#0"}
			}
		},
		{
			"name": "voxel",
			"from": [14, 7.97959, 9.97915],
			"to": [15, 8.97959, 11.97915],
			"rotation": {"angle": -45, "axis": "x", "origin": [8, 8.55841, 8.97204]},
			"faces": {
				"north": {"uv": [2, 1, 1, 2], "texture": "#0"},
				"east": {"uv": [2, 1, 1, 3], "rotation": 90, "texture": "#0"},
				"south": {"uv": [2, 2, 1, 3], "texture": "#0"},
				"up": {"uv": [2, 1, 1, 3], "texture": "#0"},
				"down": {"uv": [1, 2, 2, 1], "texture": "#0"}
			}
		},
		{
			"name": "voxel",
			"from": [1, 7.97959, 5.97915],
			"to": [2, 8.97959, 7.97915],
			"rotation": {"angle": -45, "axis": "x", "origin": [8, 8.55841, 8.97204]},
			"faces": {
				"north": {"uv": [1, 1, 2, 2], "texture": "#0"},
				"south": {"uv": [1, 2, 2, 3], "texture": "#0"},
				"west": {"uv": [2, 3, 1, 1], "rotation": 90, "texture": "#0"},
				"up": {"uv": [1, 1, 2, 3], "texture": "#0"},
				"down": {"uv": [2, 2, 1, 1], "texture": "#0"}
			}
		},
		{
			"name": "voxel",
			"from": [14, 7.97959, 5.97915],
			"to": [15, 8.97959, 7.97915],
			"rotation": {"angle": -45, "axis": "x", "origin": [8, 8.55841, 8.97204]},
			"faces": {
				"north": {"uv": [2, 1, 1, 2], "texture": "#0"},
				"east": {"uv": [2, 1, 1, 3], "rotation": 90, "texture": "#0"},
				"south": {"uv": [2, 2, 1, 3], "texture": "#0"},
				"up": {"uv": [2, 1, 1, 3], "texture": "#0"},
				"down": {"uv": [1, 2, 2, 1], "texture": "#0"}
			}
		},
		{
			"name": "voxel",
			"from": [1, 7.97959, 1.97915],
			"to": [2, 8.97959, 3.97915],
			"rotation": {"angle": -45, "axis": "x", "origin": [8, 8.55841, 8.97204]},
			"faces": {
				"north": {"uv": [1, 1, 2, 2], "texture": "#0"},
				"south": {"uv": [1, 2, 2, 3], "texture": "#0"},
				"west": {"uv": [2, 3, 1, 1], "rotation": 90, "texture": "#0"},
				"up": {"uv": [1, 1, 2, 3], "texture": "#0"},
				"down": {"uv": [2, 2, 1, 1], "texture": "#0"}
			}
		},
		{
			"name": "voxel",
			"from": [14, 7.97959, 1.97915],
			"to": [15, 8.97959, 3.97915],
			"rotation": {"angle": -45, "axis": "x", "origin": [8, 8.55841, 8.97204]},
			"faces": {
				"north": {"uv": [2, 1, 1, 2], "texture": "#0"},
				"east": {"uv": [2, 1, 1, 3], "rotation": 90, "texture": "#0"},
				"south": {"uv": [2, 2, 1, 3], "texture": "#0"},
				"up": {"uv": [2, 1, 1, 3], "texture": "#0"},
				"down": {"uv": [1, 2, 2, 1], "texture": "#0"}
			}
		},
		{
			"name": "voxel",
			"from": [6, 7.97959, 9.97915],
			"to": [10, 8.97959, 11.97915],
			"rotation": {"angle": -45, "axis": "x", "origin": [8, 8.55841, 8.97204]},
			"faces": {
				"north": {"uv": [10, 1, 6, 2], "texture": "#0"},
				"south": {"uv": [10, 2, 6, 3], "texture": "#0"},
				"up": {"uv": [6, 3, 10, 1], "rotation": 180, "texture": "#0"},
				"down": {"uv": [6, 3, 10, 1], "texture": "#0"}
			}
		},
		{
			"name": "voxel",
			"from": [6, 7.97959, 13.97915],
			"to": [10, 8.97959, 15.97915],
			"rotation": {"angle": -45, "axis": "x", "origin": [8, 8.55841, 8.97204]},
			"faces": {
				"north": {"uv": [10, 1, 6, 2], "texture": "#0"},
				"south": {"uv": [10, 2, 6, 3], "texture": "#0"},
				"up": {"uv": [6, 3, 10, 1], "rotation": 180, "texture": "#0"},
				"down": {"uv": [6, 3, 10, 1], "texture": "#0"}
			}
		},
		{
			"name": "voxel",
			"from": [6, 7.97959, 5.97915],
			"to": [10, 8.97959, 7.97915],
			"rotation": {"angle": -45, "axis": "x", "origin": [8, 8.55841, 8.97204]},
			"faces": {
				"north": {"uv": [10, 1, 6, 2], "texture": "#0"},
				"south": {"uv": [10, 2, 6, 3], "texture": "#0"},
				"up": {"uv": [6, 3, 10, 1], "rotation": 180, "texture": "#0"},
				"down": {"uv": [6, 3, 10, 1], "texture": "#0"}
			}
		},
		{
			"name": "voxel",
			"from": [6, 7.97959, 1.97915],
			"to": [10, 8.97959, 3.97915],
			"rotation": {"angle": -45, "axis": "x", "origin": [8, 8.55841, 8.97204]},
			"faces": {
				"north": {"uv": [10, 1, 6, 2], "texture": "#0"},
				"south": {"uv": [10, 2, 6, 3], "texture": "#0"},
				"up": {"uv": [6, 3, 10, 1], "rotation": 180, "texture": "#0"},
				"down": {"uv": [6, 3, 10, 1], "texture": "#0"}
			}
		},
		{
			"name": "voxel",
			"from": [11, 7.97959, 9.97915],
			"to": [14, 8.97959, 11.97915],
			"rotation": {"angle": -45, "axis": "x", "origin": [8, 8.55841, 8.97204]},
			"faces": {
				"north": {"uv": [8, 5, 5, 6], "texture": "#0"},
				"south": {"uv": [8, 6, 5, 7], "rotation": 180, "texture": "#0"},
				"up": {"uv": [5, 13, 8, 11], "rotation": 180, "texture": "#0"},
				"down": {"uv": [5, 7, 8, 5], "texture": "#0"}
			}
		},
		{
			"name": "voxel",
			"from": [11, 7.97959, 13.97915],
			"to": [14, 8.97959, 15.97915],
			"rotation": {"angle": -45, "axis": "x", "origin": [8, 8.55841, 8.97204]},
			"faces": {
				"north": {"uv": [8, 5, 5, 6], "texture": "#0"},
				"south": {"uv": [8, 6, 5, 7], "rotation": 180, "texture": "#0"},
				"up": {"uv": [5, 13, 8, 11], "rotation": 180, "texture": "#0"},
				"down": {"uv": [5, 7, 8, 5], "texture": "#0"}
			}
		},
		{
			"name": "voxel",
			"from": [11, 7.97959, 5.97915],
			"to": [14, 8.97959, 7.97915],
			"rotation": {"angle": -45, "axis": "x", "origin": [8, 8.55841, 8.97204]},
			"faces": {
				"north": {"uv": [8, 5, 5, 6], "texture": "#0"},
				"south": {"uv": [8, 6, 5, 7], "rotation": 180, "texture": "#0"},
				"up": {"uv": [5, 13, 8, 11], "rotation": 180, "texture": "#0"},
				"down": {"uv": [5, 7, 8, 5], "texture": "#0"}
			}
		},
		{
			"name": "voxel",
			"from": [11, 7.97959, 1.97915],
			"to": [14, 8.97959, 3.97915],
			"rotation": {"angle": -45, "axis": "x", "origin": [8, 8.55841, 8.97204]},
			"faces": {
				"north": {"uv": [8, 5, 5, 6], "texture": "#0"},
				"south": {"uv": [8, 6, 5, 7], "rotation": 180, "texture": "#0"},
				"up": {"uv": [5, 13, 8, 11], "rotation": 180, "texture": "#0"},
				"down": {"uv": [5, 7, 8, 5], "texture": "#0"}
			}
		},
		{
			"name": "voxel",
			"from": [2, 7.97959, 9.97915],
			"to": [5, 8.97959, 11.97915],
			"rotation": {"angle": -45, "axis": "x", "origin": [8, 8.55841, 8.97204]},
			"faces": {
				"north": {"uv": [8, 6, 5, 7], "rotation": 180, "texture": "#0"},
				"south": {"uv": [8, 2, 5, 3], "texture": "#0"},
				"up": {"uv": [5, 13, 8, 11], "texture": "#0"},
				"down": {"uv": [5, 15, 8, 13], "rotation": 180, "texture": "#0"}
			}
		},
		{
			"name": "voxel",
			"from": [2, 7.97959, 13.97915],
			"to": [5, 8.97959, 15.97915],
			"rotation": {"angle": -45, "axis": "x", "origin": [8, 8.55841, 8.97204]},
			"faces": {
				"north": {"uv": [8, 6, 5, 7], "rotation": 180, "texture": "#0"},
				"south": {"uv": [8, 2, 5, 3], "texture": "#0"},
				"up": {"uv": [5, 13, 8, 11], "texture": "#0"},
				"down": {"uv": [5, 15, 8, 13], "rotation": 180, "texture": "#0"}
			}
		},
		{
			"name": "voxel",
			"from": [2, 7.97959, 5.97915],
			"to": [5, 8.97959, 7.97915],
			"rotation": {"angle": -45, "axis": "x", "origin": [8, 8.55841, 8.97204]},
			"faces": {
				"north": {"uv": [8, 6, 5, 7], "rotation": 180, "texture": "#0"},
				"south": {"uv": [8, 2, 5, 3], "texture": "#0"},
				"up": {"uv": [5, 13, 8, 11], "texture": "#0"},
				"down": {"uv": [5, 15, 8, 13], "rotation": 180, "texture": "#0"}
			}
		},
		{
			"name": "voxel",
			"from": [2, 7.97959, 1.97915],
			"to": [5, 8.97959, 3.97915],
			"rotation": {"angle": -45, "axis": "x", "origin": [8, 8.55841, 8.97204]},
			"faces": {
				"north": {"uv": [8, 6, 5, 7], "rotation": 180, "texture": "#0"},
				"south": {"uv": [8, 2, 5, 3], "texture": "#0"},
				"up": {"uv": [5, 13, 8, 11], "texture": "#0"},
				"down": {"uv": [5, 15, 8, 13], "rotation": 180, "texture": "#0"}
			}
		},
		{
			"name": "voxel",
			"from": [2.001, 9.28011, -2.87566],
			"to": [5.001, 10.28011, 20.59934],
			"rotation": {"angle": -45, "axis": "x", "origin": [8, 8.55841, 8.97204]},
			"faces": {
				"north": {"uv": [4.999, 15, 1.999, 16], "texture": "#0"},
				"east": {"uv": [11, 16, 12, 0], "rotation": 270, "texture": "#0"},
				"south": {"uv": [13.999, 0, 10.999, 1], "texture": "#0"},
				"west": {"uv": [2, 16, 3, 0.375], "rotation": 270, "texture": "#0"},
				"up": {"uv": [2, 16, 5, 0], "texture": "#0"},
				"down": {"uv": [11, 16, 14, 0], "rotation": 180, "texture": "#0"}
			}
		},
		{
			"name": "voxel",
			"from": [10.999, 9.28011, -2.87566],
			"to": [13.999, 10.28011, 20.59934],
			"rotation": {"angle": -45, "axis": "x", "origin": [8, 8.55841, 8.97204]},
			"faces": {
				"north": {"uv": [13.999, 0, 10.999, 1], "texture": "#0"},
				"east": {"uv": [2, 16, 3, 0], "rotation": 270, "texture": "#0"},
				"south": {"uv": [14, 0, 11, 1], "rotation": 180, "texture": "#0"},
				"west": {"uv": [4, 16, 5, 0], "rotation": 90, "texture": "#0"},
				"up": {"uv": [11, 16, 14, 0], "texture": "#0"},
				"down": {"uv": [2, 16, 5, 0], "rotation": 180, "texture": "#0"}
			}
		}
	],
	"display": {},
	"groups": [
		{
			"name": "powered_rail",
			"origin": [8, 8, 8],
			"children": [0, 1, 2, 3, 4, 5, 6, 7, 8, 9, 10, 11, 12, 13, 14, 15, 16, 17, 18, 19, 20, 21, 22, 23, 24, 25, 26, 27, 28, 29, 30, 31, 32]
		}
	]
}