{
	"credit": "Made with Blockbench",
	"textures": {
		"0": "block/powered_rail_on",
		"particle": "block/powered_rail_on"
	},
	"elements": [
		{
			"name": "voxel",
			"from": [10, 0, 1],
			"to": [11, 1, 3],
			"faces": {
				"north": {"uv": [5, 1, 6, 2], "texture": "#0"},
				"south": {"uv": [5, 1, 6, 2], "rotation": 180, "texture": "#0"},
				"up": {"uv": [5, 1, 6, 3], "texture": "#0"},
				"down": {"uv": [5, 1, 6, 3], "rotation": 180, "texture": "#0"}
			}
		},
		{
			"name": "voxel",
			"from": [10, 0, 5],
			"to": [11, 1, 7],
			"rotation": {"angle": 0, "axis": "y", "origin": [8, 8, 12]},
			"faces": {
				"north": {"uv": [5, 1, 6, 2], "texture": "#0"},
				"south": {"uv": [5, 1, 6, 2], "rotation": 180, "texture": "#0"},
				"up": {"uv": [5, 1, 6, 3], "texture": "#0"},
				"down": {"uv": [5, 1, 6, 3], "rotation": 180, "texture": "#0"}
			}
		},
		{
			"name": "voxel",
			"from": [10, 0, 9],
			"to": [11, 1, 11],
			"rotation": {"angle": 0, "axis": "y", "origin": [8, 8, 16]},
			"faces": {
				"north": {"uv": [5, 1, 6, 2], "texture": "#0"},
				"south": {"uv": [5, 1, 6, 2], "rotation": 180, "texture": "#0"},
				"up": {"uv": [5, 1, 6, 3], "texture": "#0"},
				"down": {"uv": [5, 1, 6, 3], "rotation": 180, "texture": "#0"}
			}
		},
		{
			"name": "voxel",
			"from": [10, 0, 13],
			"to": [11, 1, 15],
			"rotation": {"angle": 0, "axis": "y", "origin": [8, 8, 20]},
			"faces": {
				"north": {"uv": [5, 1, 6, 2], "texture": "#0"},
				"south": {"uv": [5, 1, 6, 2], "rotation": 180, "texture": "#0"},
				"up": {"uv": [5, 1, 6, 3], "texture": "#0"},
				"down": {"uv": [5, 1, 6, 3], "rotation": 180, "texture": "#0"}
			}
		},
		{
			"name": "voxel",
			"from": [5, 0, 1],
			"to": [6, 1, 3],
			"faces": {
				"north": {"uv": [6, 1, 5, 2], "texture": "#0"},
				"south": {"uv": [6, 1, 5, 2], "rotation": 180, "texture": "#0"},
				"up": {"uv": [5, 3, 6, 1], "rotation": 180, "texture": "#0"},
				"down": {"uv": [5, 3, 6, 1], "texture": "#0"}
			}
		},
		{
			"name": "voxel",
			"from": [5, 0, 5],
			"to": [6, 1, 7],
			"rotation": {"angle": 0, "axis": "y", "origin": [8, 8, 12]},
			"faces": {
				"north": {"uv": [6, 1, 5, 2], "texture": "#0"},
				"south": {"uv": [6, 1, 5, 2], "rotation": 180, "texture": "#0"},
				"up": {"uv": [5, 3, 6, 1], "rotation": 180, "texture": "#0"},
				"down": {"uv": [5, 3, 6, 1], "texture": "#0"}
			}
		},
		{
			"name": "voxel",
			"from": [5, 0, 9],
			"to": [6, 1, 11],
			"rotation": {"angle": 0, "axis": "y", "origin": [8, 8, 16]},
			"faces": {
				"north": {"uv": [6, 1, 5, 2], "texture": "#0"},
				"south": {"uv": [6, 1, 5, 2], "rotation": 180, "texture": "#0"},
				"up": {"uv": [5, 3, 6, 1], "rotation": 180, "texture": "#0"},
				"down": {"uv": [5, 3, 6, 1], "texture": "#0"}
			}
		},
		{
			"name": "voxel",
			"from": [5, 0, 13],
			"to": [6, 1, 15],
			"rotation": {"angle": 0, "axis": "y", "origin": [8, 8, 20]},
			"faces": {
				"north": {"uv": [6, 1, 5, 2], "texture": "#0"},
				"south": {"uv": [6, 1, 5, 2], "rotation": 180, "texture": "#0"},
				"up": {"uv": [5, 3, 6, 1], "rotation": 180, "texture": "#0"},
				"down": {"uv": [5, 3, 6, 1], "texture": "#0"}
			}
		},
		{
			"name": "voxel",
			"from": [7, 0, 3],
			"to": [9, 1, 5],
			"faces": {
				"east": {"uv": [7, 3, 9, 4], "texture": "#0"},
				"west": {"uv": [7, 4, 9, 5], "texture": "#0"},
				"up": {"uv": [7, 3, 9, 5], "rotation": 180, "texture": "#0"},
				"down": {"uv": [7, 3, 9, 5], "rotation": 90, "texture": "#0"}
			}
		},
		{
			"name": "voxel",
			"from": [7, 0, 7],
			"to": [9, 1, 9],
			"rotation": {"angle": 0, "axis": "y", "origin": [8, 8, 12]},
			"faces": {
				"east": {"uv": [7, 3, 9, 4], "texture": "#0"},
				"west": {"uv": [7, 4, 9, 5], "texture": "#0"},
				"up": {"uv": [7, 3, 9, 5], "rotation": 180, "texture": "#0"},
				"down": {"uv": [7, 3, 9, 5], "rotation": 90, "texture": "#0"}
			}
		},
		{
			"name": "voxel",
			"from": [7, 0, 11],
			"to": [9, 1, 13],
			"rotation": {"angle": 0, "axis": "y", "origin": [8, 8, 16]},
			"faces": {
				"east": {"uv": [7, 3, 9, 4], "texture": "#0"},
				"west": {"uv": [7, 4, 9, 5], "texture": "#0"},
				"up": {"uv": [7, 3, 9, 5], "rotation": 180, "texture": "#0"},
				"down": {"uv": [7, 3, 9, 5], "rotation": 90, "texture": "#0"}
			}
		},
		{
			"name": "voxel",
			"from": [6, 0, 1],
			"to": [10, 1, 3],
			"faces": {
				"north": {"uv": [6, 2, 10, 3], "texture": "#0"},
				"south": {"uv": [6, 1, 10, 2], "texture": "#0"},
				"up": {"uv": [6, 1, 10, 3], "rotation": 180, "texture": "#0"},
				"down": {"uv": [6, 1, 10, 3], "texture": "#0"}
			}
		},
		{
			"name": "voxel",
			"from": [6, 0, 5],
			"to": [10, 1, 7],
			"rotation": {"angle": 0, "axis": "y", "origin": [8, 8, 12]},
			"faces": {
				"north": {"uv": [6, 2, 10, 3], "texture": "#0"},
				"south": {"uv": [6, 1, 10, 2], "texture": "#0"},
				"up": {"uv": [6, 1, 10, 3], "rotation": 180, "texture": "#0"},
				"down": {"uv": [6, 1, 10, 3], "texture": "#0"}
			}
		},
		{
			"name": "voxel",
			"from": [6, 0, 9],
			"to": [10, 1, 11],
			"rotation": {"angle": 0, "axis": "y", "origin": [8, 8, 16]},
			"faces": {
				"north": {"uv": [6, 2, 10, 3], "texture": "#0"},
				"south": {"uv": [6, 1, 10, 2], "texture": "#0"},
				"up": {"uv": [6, 1, 10, 3], "rotation": 180, "texture": "#0"},
				"down": {"uv": [6, 1, 10, 3], "texture": "#0"}
			}
		},
		{
			"name": "voxel",
			"from": [6, 0, 13],
			"to": [10, 1, 15],
			"rotation": {"angle": 0, "axis": "y", "origin": [8, 8, 20]},
			"faces": {
				"north": {"uv": [6, 2, 10, 3], "texture": "#0"},
				"south": {"uv": [6, 1, 10, 2], "texture": "#0"},
				"up": {"uv": [6, 1, 10, 3], "rotation": 180, "texture": "#0"},
				"down": {"uv": [6, 1, 10, 3], "texture": "#0"}
			}
		},
		{
			"name": "voxel",
			"from": [11, 0, 1],
			"to": [14, 1, 3],
			"faces": {
				"north": {"uv": [1, 2, 2, 3], "texture": "#0"},
				"south": {"uv": [1, 5, 2, 6], "texture": "#0"},
				"down": {"uv": [1, 13, 2, 15], "texture": "#0"}
			}
		},
		{
			"name": "voxel",
			"from": [11, 0, 5],
			"to": [14, 1, 7],
			"rotation": {"angle": 0, "axis": "y", "origin": [8, 8, 12]},
			"faces": {
				"north": {"uv": [1, 2, 2, 3], "texture": "#0"},
				"south": {"uv": [1, 5, 2, 6], "texture": "#0"},
				"down": {"uv": [1, 13, 2, 15], "texture": "#0"}
			}
		},
		{
			"name": "voxel",
			"from": [11, 0, 9],
			"to": [14, 1, 11],
			"rotation": {"angle": 0, "axis": "y", "origin": [8, 8, 16]},
			"faces": {
				"north": {"uv": [1, 2, 2, 3], "texture": "#0"},
				"south": {"uv": [1, 5, 2, 6], "texture": "#0"},
				"down": {"uv": [1, 13, 2, 15], "texture": "#0"}
			}
		},
		{
			"name": "voxel",
			"from": [11, 0, 13],
			"to": [14, 1, 15],
			"rotation": {"angle": 0, "axis": "y", "origin": [8, 8, 20]},
			"faces": {
				"north": {"uv": [1, 2, 2, 3], "texture": "#0"},
				"south": {"uv": [1, 5, 2, 6], "texture": "#0"},
				"down": {"uv": [1, 13, 2, 15], "texture": "#0"}
			}
		},
		{
			"name": "voxel",
			"from": [2, 0, 1],
			"to": [5, 1, 3],
			"faces": {
				"north": {"uv": [2, 2, 1, 3], "texture": "#0"},
				"south": {"uv": [2, 5, 1, 6], "texture": "#0"},
				"down": {"uv": [2, 13, 1, 15], "texture": "#0"}
			}
		},
		{
			"name": "voxel",
			"from": [2, 0, 5],
			"to": [5, 1, 7],
			"rotation": {"angle": 0, "axis": "y", "origin": [8, 8, 12]},
			"faces": {
				"north": {"uv": [2, 2, 1, 3], "texture": "#0"},
				"south": {"uv": [2, 5, 1, 6], "texture": "#0"},
				"down": {"uv": [2, 13, 1, 15], "texture": "#0"}
			}
		},
		{
			"name": "voxel",
			"from": [2, 0, 9],
			"to": [5, 1, 11],
			"rotation": {"angle": 0, "axis": "y", "origin": [8, 8, 16]},
			"faces": {
				"north": {"uv": [2, 2, 1, 3], "texture": "#0"},
				"south": {"uv": [2, 5, 1, 6], "texture": "#0"},
				"down": {"uv": [2, 13, 1, 15], "texture": "#0"}
			}
		},
		{
			"name": "voxel",
			"from": [2, 0, 13],
			"to": [5, 1, 15],
			"rotation": {"angle": 0, "axis": "y", "origin": [8, 8, 20]},
			"faces": {
				"north": {"uv": [2, 2, 1, 3], "texture": "#0"},
				"south": {"uv": [2, 5, 1, 6], "texture": "#0"},
				"down": {"uv": [2, 13, 1, 15], "texture": "#0"}
			}
		},
		{
			"name": "voxel",
			"from": [2, 1, 0],
			"to": [5, 2, 16],
			"faces": {
				"north": {"uv": [11, 0, 14, 1], "texture": "#0"},
				"east": {"uv": [4, 0, 5, 16], "rotation": 90, "texture": "#0"},
				"south": {"uv": [2, 15, 5, 16], "texture": "#0"},
				"west": {"uv": [2, 0.375, 3, 16], "rotation": 270, "texture": "#0"},
				"up": {"uv": [2, 0, 5, 16], "texture": "#0"},
				"down": {"uv": [11, 0, 14, 16], "rotation": 180, "texture": "#0"}
			}
		},
		{
			"name": "voxel",
			"from": [11, 1, 0],
			"to": [14, 2, 16],
			"faces": {
				"north": {"uv": [14, 0, 11, 1], "texture": "#0"},
				"east": {"uv": [2, 16, 3, 0.375], "rotation": 270, "texture": "#0"},
				"south": {"uv": [5, 15, 2, 16], "texture": "#0"},
				"west": {"uv": [4, 16, 5, 0], "rotation": 90, "texture": "#0"},
				"up": {"uv": [5, 0, 2, 16], "texture": "#0"},
				"down": {"uv": [14, 0, 11, 16], "rotation": 180, "texture": "#0"}
			}
		},
		{
			"name": "voxel",
			"from": [14, 0, 1],
			"to": [15, 1, 3],
			"faces": {
				"north": {"uv": [1, 2, 2, 3], "texture": "#0"},
				"east": {"uv": [1, 1, 2, 3], "rotation": 270, "texture": "#0"},
				"south": {"uv": [1, 1, 2, 2], "texture": "#0"},
				"up": {"uv": [1, 14, 2, 15], "rotation": 270, "texture": "#0"},
				"down": {"uv": [1, 1, 2, 3], "texture": "#0"}
			}
		},
		{
			"name": "voxel",
			"from": [1, 0, 1],
			"to": [2, 1, 3],
			"faces": {
				"north": {"uv": [2, 2, 1, 3], "texture": "#0"},
				"south": {"uv": [2, 1, 1, 2], "texture": "#0"},
				"west": {"uv": [1, 3, 2, 1], "rotation": 270, "texture": "#0"},
				"up": {"uv": [1, 15, 2, 14], "rotation": 270, "texture": "#0"},
				"down": {"uv": [2, 1, 1, 3], "texture": "#0"}
			}
		},
		{
			"name": "voxel",
			"from": [14, 0, 5],
			"to": [15, 1, 7],
			"rotation": {"angle": 0, "axis": "y", "origin": [8, 8, 12]},
			"faces": {
				"north": {"uv": [1, 2, 2, 3], "texture": "#0"},
				"east": {"uv": [1, 1, 2, 3], "rotation": 270, "texture": "#0"},
				"south": {"uv": [1, 1, 2, 2], "texture": "#0"},
				"up": {"uv": [1, 14, 2, 15], "rotation": 270, "texture": "#0"},
				"down": {"uv": [1, 1, 2, 3], "texture": "#0"}
			}
		},
		{
			"name": "voxel",
			"from": [1, 0, 5],
			"to": [2, 1, 7],
			"rotation": {"angle": 0, "axis": "y", "origin": [8, 8, 12]},
			"faces": {
				"north": {"uv": [2, 2, 1, 3], "texture": "#0"},
				"south": {"uv": [2, 1, 1, 2], "texture": "#0"},
				"west": {"uv": [1, 3, 2, 1], "rotation": 270, "texture": "#0"},
				"up": {"uv": [1, 15, 2, 14], "rotation": 270, "texture": "#0"},
				"down": {"uv": [2, 1, 1, 3], "texture": "#0"}
			}
		},
		{
			"name": "voxel",
			"from": [14, 0, 9],
			"to": [15, 1, 11],
			"rotation": {"angle": 0, "axis": "y", "origin": [8, 8, 16]},
			"faces": {
				"north": {"uv": [1, 2, 2, 3], "texture": "#0"},
				"east": {"uv": [1, 1, 2, 3], "rotation": 270, "texture": "#0"},
				"south": {"uv": [1, 1, 2, 2], "texture": "#0"},
				"up": {"uv": [1, 14, 2, 15], "rotation": 270, "texture": "#0"},
				"down": {"uv": [1, 1, 2, 3], "texture": "#0"}
			}
		},
		{
			"name": "voxel",
			"from": [1, 0, 9],
			"to": [2, 1, 11],
			"rotation": {"angle": 0, "axis": "y", "origin": [8, 8, 16]},
			"faces": {
				"north": {"uv": [2, 2, 1, 3], "texture": "#0"},
				"south": {"uv": [2, 1, 1, 2], "texture": "#0"},
				"west": {"uv": [1, 3, 2, 1], "rotation": 270, "texture": "#0"},
				"up": {"uv": [1, 15, 2, 14], "rotation": 270, "texture": "#0"},
				"down": {"uv": [2, 1, 1, 3], "texture": "#0"}
			}
		},
		{
			"name": "voxel",
			"from": [14, 0, 13],
			"to": [15, 1, 15],
			"rotation": {"angle": 0, "axis": "y", "origin": [8, 8, 20]},
			"faces": {
				"north": {"uv": [1, 2, 2, 3], "texture": "#0"},
				"east": {"uv": [1, 1, 2, 3], "rotation": 270, "texture": "#0"},
				"south": {"uv": [1, 1, 2, 2], "texture": "#0"},
				"up": {"uv": [1, 14, 2, 15], "rotation": 270, "texture": "#0"},
				"down": {"uv": [1, 1, 2, 3], "texture": "#0"}
			}
		},
		{
			"name": "voxel",
			"from": [1, 0, 13],
			"to": [2, 1, 15],
			"rotation": {"angle": 0, "axis": "y", "origin": [8, 8, 20]},
			"faces": {
				"north": {"uv": [2, 2, 1, 3], "texture": "#0"},
				"south": {"uv": [2, 1, 1, 2], "texture": "#0"},
				"west": {"uv": [1, 3, 2, 1], "rotation": 270, "texture": "#0"},
				"up": {"uv": [1, 15, 2, 14], "rotation": 270, "texture": "#0"},
				"down": {"uv": [2, 1, 1, 3], "texture": "#0"}
			}
		}
	],
	"groups": [
		{
			"name": "powered_rail",
			"origin": [8, 8, 8],
			"children": [0, 1, 2, 3, 4, 5, 6, 7, 8, 9, 10, 11, 12, 13, 14, 15, 16, 17, 18, 19, 20, 21, 22, 23, 24, 25, 26, 27, 28, 29, 30, 31, 32]
		}
	]
}