{
	"credit": "Made with Blockbench",
	"textures": {
		"0": "block/carrots_stage3",
		"particle": "block/carrots_stage3"
	},
	"elements": [
		{
			"from": [2.11, -4.475, 2.81],
			"to": [4.49, -0.155, 5.19],
			"rotation": {"angle": -22.5, "axis": "y", "origin": [3.399, 0.565, 4]},
			"faces": {
				"north": {"uv": [7, 15, 10.999, 16], "texture": "#0"},
				"east": {"uv": [7, 15, 10.999, 16], "texture": "#0"},
				"south": {"uv": [7, 15, 10.999, 16], "texture": "#0"},
				"west": {"uv": [7, 15, 10.999, 16], "texture": "#0"},
				"up": {"uv": [7, 15, 10.999, 16], "texture": "#0"}
			}
		},
		{
			"from": [6.918, -4.475, 6.728],
			"to": [9.298, -0.155, 9.108],
			"rotation": {"angle": 22.5, "axis": "y", "origin": [8.306, 3.085, 7.918]},
			"faces": {
				"north": {"uv": [7, 15, 10.999, 16], "texture": "#0"},
				"east": {"uv": [7, 15, 10.999, 16], "texture": "#0"},
				"south": {"uv": [7, 15, 10.999, 16], "texture": "#0"},
				"west": {"uv": [7, 15, 10.999, 16], "texture": "#0"},
				"up": {"uv": [7, 15, 10.999, 16], "texture": "#0"}
			}
		},
		{
			"from": [2.219, -4.475, 11.339],
			"to": [4.599, -0.155, 13.719],
			"rotation": {"angle": -22.5, "axis": "y", "origin": [3.508, 0.565, 12.529]},
			"faces": {
				"north": {"uv": [7, 15, 10.999, 16], "texture": "#0"},
				"east": {"uv": [7, 15, 10.999, 16], "texture": "#0"},
				"south": {"uv": [7, 15, 10.999, 16], "texture": "#0"},
				"west": {"uv": [7, 15, 10.999, 16], "texture": "#0"},
				"up": {"uv": [7, 15, 10.999, 16], "texture": "#0"}
			}
		},
		{
			"from": [11.513, -4.475, 11.584],
			"to": [13.893, -0.155, 13.964],
			"rotation": {"angle": 0, "axis": "y", "origin": [12.802, 0.565, 12.774]},
			"faces": {
				"north": {"uv": [7, 15, 10.999, 16], "texture": "#0"},
				"east": {"uv": [7, 15, 10.999, 16], "texture": "#0"},
				"south": {"uv": [7, 15, 10.999, 16], "texture": "#0"},
				"west": {"uv": [7, 15, 10.999, 16], "texture": "#0"},
				"up": {"uv": [7, 15, 10.999, 16], "texture": "#0"}
			}
		},
		{
			"from": [11.238, -4.475, 2.636],
			"to": [13.618, -0.155, 5.016],
			"rotation": {"angle": 22.5, "axis": "y", "origin": [12.527, 0.565, 3.826]},
			"faces": {
				"north": {"uv": [7, 15, 10.999, 16], "texture": "#0"},
				"east": {"uv": [7, 15, 10.999, 16], "texture": "#0"},
				"south": {"uv": [7, 15, 10.999, 16], "texture": "#0"},
				"west": {"uv": [7, 15, 10.999, 16], "texture": "#0"},
				"up": {"uv": [7, 15, 10.999, 16], "texture": "#0"}
			}
		},
		{
			"from": [2.47, -3.395, 3.17],
			"to": [4.13, 0.205, 4.83],
			"rotation": {"angle": -22.5, "axis": "y", "origin": [3.399, 0.565, 4]},
			"faces": {
				"north": {"uv": [7, 15, 10.999, 16], "texture": "#0"},
				"east": {"uv": [7, 15, 10.999, 16], "texture": "#0"},
				"south": {"uv": [7, 15, 10.999, 16], "texture": "#0"},
				"west": {"uv": [7, 15, 10.999, 16], "texture": "#0"},
				"up": {"uv": [7, 15, 10.999, 16], "texture": "#0"}
			}
		},
		{
			"from": [7.278, -3.395, 7.088],
			"to": [8.938, 0.205, 8.748],
			"rotation": {"angle": 22.5, "axis": "y", "origin": [8.306, 3.085, 7.918]},
			"faces": {
				"north": {"uv": [7, 15, 10.999, 16], "texture": "#0"},
				"east": {"uv": [7, 15, 10.999, 16], "texture": "#0"},
				"south": {"uv": [7, 15, 10.999, 16], "texture": "#0"},
				"west": {"uv": [7, 15, 10.999, 16], "texture": "#0"},
				"up": {"uv": [7, 15, 10.999, 16], "texture": "#0"}
			}
		},
		{
			"from": [2.579, -3.395, 11.699],
			"to": [4.239, 0.205, 13.359],
			"rotation": {"angle": -22.5, "axis": "y", "origin": [3.508, 0.565, 12.529]},
			"faces": {
				"north": {"uv": [7, 15, 10.999, 16], "texture": "#0"},
				"east": {"uv": [7, 15, 10.999, 16], "texture": "#0"},
				"south": {"uv": [7, 15, 10.999, 16], "texture": "#0"},
				"west": {"uv": [7, 15, 10.999, 16], "texture": "#0"},
				"up": {"uv": [7, 15, 10.999, 16], "texture": "#0"}
			}
		},
		{
			"from": [11.873, -3.395, 11.944],
			"to": [13.533, 0.205, 13.604],
			"rotation": {"angle": 0, "axis": "y", "origin": [12.802, 0.565, 12.774]},
			"faces": {
				"north": {"uv": [6, 15, 9.999, 16], "texture": "#0"},
				"east": {"uv": [7, 15, 10.999, 16], "texture": "#0"},
				"south": {"uv": [7, 15, 10.999, 16], "texture": "#0"},
				"west": {"uv": [7, 15, 10.999, 16], "texture": "#0"},
				"up": {"uv": [7, 15, 10.999, 16], "texture": "#0"}
			}
		},
		{
			"from": [11.598, -3.395, 2.996],
			"to": [13.258, 0.205, 4.656],
			"rotation": {"angle": 22.5, "axis": "y", "origin": [12.527, 0.565, 3.826]},
			"faces": {
				"north": {"uv": [7, 15, 10.999, 16], "texture": "#0"},
				"east": {"uv": [7, 15, 10.999, 16], "texture": "#0"},
				"south": {"uv": [7, 15, 10.999, 16], "texture": "#0"},
				"west": {"uv": [7, 15, 10.999, 16], "texture": "#0"},
				"up": {"uv": [7, 15, 10.999, 16], "texture": "#0"}
			}
		},
		{
			"from": [3.08625, 0.15, 0.3375],
			"to": [3.08625, 7.65, 7.7375],
			"rotation": {"angle": 22.5, "axis": "y", "origin": [3.29875, 1.05, 3.5]},
			"faces": {
				"east": {"uv": [2, 3, 14.999, 13.999], "texture": "#0"},
				"west": {"uv": [2, 0, 14.999, 13.998], "texture": "#0"}
			}
		},
		{
			"from": [4.4575, 0.15, 8.0225],
			"to": [11.8575, 8.125, 8.0225],
			"rotation": {"angle": -22.5, "axis": "y", "origin": [8.3825, 4.2, 8.0225]},
			"faces": {
				"north": {"uv": [2, 3, 14.999, 13.999], "texture": "#0"},
				"south": {"uv": [2, 3, 14.999, 13.999], "texture": "#0"}
			}
		},
		{
			"from": [3.41625, 0.15, 8.68],
			"to": [3.41625, 7.65, 16.08],
			"rotation": {"angle": 22.5, "axis": "y", "origin": [3.45375, 1.05, 12.3675]},
			"faces": {
				"east": {"uv": [2, 3, 14.999, 13.999], "texture": "#0"},
				"west": {"uv": [2, 0, 14.999, 13.998], "texture": "#0"}
			}
		},
		{
			"from": [9.14625, 0.15, 12.53],
			"to": [16.54625, 7.25, 12.53],
			"rotation": {"angle": -45, "axis": "y", "origin": [12.53375, 1.05, 12.3425]},
			"faces": {
				"north": {"uv": [2, 3, 14.999, 13.999], "texture": "#0"},
				"south": {"uv": [2, 3, 14.999, 13.999], "texture": "#0"}
			}
		},
		{
			"from": [8.82125, 0.15, 3.945],
			"to": [16.22125, 6.775, 3.945],
			"rotation": {"angle": -22.5, "axis": "y", "origin": [12.53375, 1.05, 3.6575]},
			"faces": {
				"north": {"uv": [2, 3, 14.999, 13.999], "texture": "#0"},
				"south": {"uv": [2, 3, 14.999, 13.999], "texture": "#0"}
			}
		},
		{
			"from": [-0.61375, 0.15, 4.0375],
			"to": [6.78625, 7.025, 4.0375],
			"rotation": {"angle": 22.5, "axis": "y", "origin": [3.29875, 1.05, 3.5]},
			"faces": {
				"north": {"uv": [2, 3, 14.999, 13.999], "texture": "#0"},
				"south": {"uv": [2, 3, 14.999, 13.999], "texture": "#0"}
			}
		},
		{
			"from": [8.1575, 0.15, 4.3225],
			"to": [8.1575, 7.25, 11.7225],
			"rotation": {"angle": -22.5, "axis": "y", "origin": [8.3825, 4.2, 8.0225]},
			"faces": {
				"east": {"uv": [2, 3, 14.999, 13.999], "texture": "#0"},
				"west": {"uv": [2, 0, 14.999, 13.998], "texture": "#0"}
			}
		},
		{
			"from": [-0.28375, 0.15, 12.38],
			"to": [7.11625, 6.95, 12.38],
			"rotation": {"angle": 22.5, "axis": "y", "origin": [3.45375, 1.05, 12.3675]},
			"faces": {
				"north": {"uv": [2, 3, 14.999, 13.999], "texture": "#0"},
				"south": {"uv": [2, 3, 14.999, 13.999], "texture": "#0"}
			}
		},
		{
			"from": [12.84625, 0.15, 8.83],
			"to": [12.84625, 7.65, 16.23],
			"rotation": {"angle": -45, "axis": "y", "origin": [12.53375, 1.05, 12.3425]},
			"faces": {
				"east": {"uv": [2, 3, 14.999, 13.999], "texture": "#0"},
				"west": {"uv": [2, 0, 14.999, 13.998], "texture": "#0"}
			}
		},
		{
			"from": [12.52125, 0.15, 0.245],
			"to": [12.52125, 8.425, 7.645],
			"rotation": {"angle": -22.5, "axis": "y", "origin": [12.53375, 1.05, 3.6575]},
			"faces": {
				"east": {"uv": [2, 3, 14.999, 13.999], "texture": "#0"},
				"west": {"uv": [2, 0, 14.999, 13.998], "texture": "#0"}
			}
		}
	]
}