{
	"credit": "Made with Blockbench",
	"textures": {
		"0": "block/carrots_stage3",
		"particle": "block/carrots_stage3"
	},
	"elements": [
		{
			"from": [2.11, -4.95, 2.81],
			"to": [4.49, -0.63, 5.19],
			"rotation": {"angle": -22.5, "axis": "y", "origin": [3.399, 0.09, 4]},
			"faces": {
				"north": {"uv": [7, 15, 10.999, 16], "texture": "#0"},
				"east": {"uv": [7, 15, 10.999, 16], "texture": "#0"},
				"south": {"uv": [7, 15, 10.999, 16], "texture": "#0"},
				"west": {"uv": [7, 15, 10.999, 16], "texture": "#0"},
				"up": {"uv": [7, 15, 10.999, 16], "texture": "#0"}
			}
		},
		{
			"from": [6.918, -4.95, 6.728],
			"to": [9.298, -0.63, 9.108],
			"rotation": {"angle": 22.5, "axis": "y", "origin": [8.306, 2.61, 7.918]},
			"faces": {
				"north": {"uv": [7, 15, 10.999, 16], "texture": "#0"},
				"east": {"uv": [7, 15, 10.999, 16], "texture": "#0"},
				"south": {"uv": [7, 15, 10.999, 16], "texture": "#0"},
				"west": {"uv": [7, 15, 10.999, 16], "texture": "#0"},
				"up": {"uv": [7, 15, 10.999, 16], "texture": "#0"}
			}
		},
		{
			"from": [2.219, -4.95, 11.339],
			"to": [4.599, -0.63, 13.719],
			"rotation": {"angle": -22.5, "axis": "y", "origin": [3.508, 0.09, 12.529]},
			"faces": {
				"north": {"uv": [7, 15, 10.999, 16], "texture": "#0"},
				"east": {"uv": [7, 15, 10.999, 16], "texture": "#0"},
				"south": {"uv": [7, 15, 10.999, 16], "texture": "#0"},
				"west": {"uv": [7, 15, 10.999, 16], "texture": "#0"},
				"up": {"uv": [7, 15, 10.999, 16], "texture": "#0"}
			}
		},
		{
			"from": [11.513, -4.95, 11.584],
			"to": [13.893, -0.63, 13.964],
			"rotation": {"angle": 0, "axis": "y", "origin": [12.802, 0.09, 12.774]},
			"faces": {
				"north": {"uv": [7, 15, 10.999, 16], "texture": "#0"},
				"east": {"uv": [7, 15, 10.999, 16], "texture": "#0"},
				"south": {"uv": [7, 15, 10.999, 16], "texture": "#0"},
				"west": {"uv": [7, 15, 10.999, 16], "texture": "#0"},
				"up": {"uv": [7, 15, 10.999, 16], "texture": "#0"}
			}
		},
		{
			"from": [11.238, -4.95, 2.636],
			"to": [13.618, -0.63, 5.016],
			"rotation": {"angle": 22.5, "axis": "y", "origin": [12.527, 0.09, 3.826]},
			"faces": {
				"north": {"uv": [7, 15, 10.999, 16], "texture": "#0"},
				"east": {"uv": [7, 15, 10.999, 16], "texture": "#0"},
				"south": {"uv": [7, 15, 10.999, 16], "texture": "#0"},
				"west": {"uv": [7, 15, 10.999, 16], "texture": "#0"},
				"up": {"uv": [7, 15, 10.999, 16], "texture": "#0"}
			}
		},
		{
			"from": [2.47, -3.87, 3.17],
			"to": [4.13, -0.27, 4.83],
			"rotation": {"angle": -22.5, "axis": "y", "origin": [3.399, 0.09, 4]},
			"faces": {
				"north": {"uv": [7, 15, 10.999, 16], "texture": "#0"},
				"east": {"uv": [7, 15, 10.999, 16], "texture": "#0"},
				"south": {"uv": [7, 15, 10.999, 16], "texture": "#0"},
				"west": {"uv": [7, 15, 10.999, 16], "texture": "#0"},
				"up": {"uv": [7, 15, 10.999, 16], "texture": "#0"}
			}
		},
		{
			"from": [7.278, -3.87, 7.088],
			"to": [8.938, -0.27, 8.748],
			"rotation": {"angle": 22.5, "axis": "y", "origin": [8.306, 2.61, 7.918]},
			"faces": {
				"north": {"uv": [7, 15, 10.999, 16], "texture": "#0"},
				"east": {"uv": [7, 15, 10.999, 16], "texture": "#0"},
				"south": {"uv": [7, 15, 10.999, 16], "texture": "#0"},
				"west": {"uv": [7, 15, 10.999, 16], "texture": "#0"},
				"up": {"uv": [7, 15, 10.999, 16], "texture": "#0"}
			}
		},
		{
			"from": [2.579, -3.87, 11.699],
			"to": [4.239, -0.27, 13.359],
			"rotation": {"angle": -22.5, "axis": "y", "origin": [3.508, 0.09, 12.529]},
			"faces": {
				"north": {"uv": [7, 15, 10.999, 16], "texture": "#0"},
				"east": {"uv": [7, 15, 10.999, 16], "texture": "#0"},
				"south": {"uv": [7, 15, 10.999, 16], "texture": "#0"},
				"west": {"uv": [7, 15, 10.999, 16], "texture": "#0"},
				"up": {"uv": [7, 15, 10.999, 16], "texture": "#0"}
			}
		},
		{
			"from": [11.873, -3.87, 11.944],
			"to": [13.533, -0.27, 13.604],
			"rotation": {"angle": 0, "axis": "y", "origin": [12.802, 0.09, 12.774]},
			"faces": {
				"north": {"uv": [6, 15, 9.999, 16], "texture": "#0"},
				"east": {"uv": [7, 15, 10.999, 16], "texture": "#0"},
				"south": {"uv": [7, 15, 10.999, 16], "texture": "#0"},
				"west": {"uv": [7, 15, 10.999, 16], "texture": "#0"},
				"up": {"uv": [7, 15, 10.999, 16], "texture": "#0"}
			}
		},
		{
			"from": [11.598, -3.87, 2.996],
			"to": [13.258, -0.27, 4.656],
			"rotation": {"angle": 22.5, "axis": "y", "origin": [12.527, 0.09, 3.826]},
			"faces": {
				"north": {"uv": [7, 15, 10.999, 16], "texture": "#0"},
				"east": {"uv": [7, 15, 10.999, 16], "texture": "#0"},
				"south": {"uv": [7, 15, 10.999, 16], "texture": "#0"},
				"west": {"uv": [7, 15, 10.999, 16], "texture": "#0"},
				"up": {"uv": [7, 15, 10.999, 16], "texture": "#0"}
			}
		},
		{
			"from": [3.30812, -1.2975, 0.83791],
			"to": [3.30812, 5.7225, 7.31791],
			"rotation": {"angle": 22.5, "axis": "y", "origin": [3.30812, 2.1375, 4.07791]},
			"faces": {
				"east": {"uv": [2, 3, 14.999, 13.999], "texture": "#0"},
				"west": {"uv": [2, 0, 14.999, 13.999], "texture": "#0"}
			}
		},
		{
			"from": [4.93463, -1.285, 7.9364],
			"to": [11.41463, 5.735, 7.9364],
			"rotation": {"angle": -22.5, "axis": "y", "origin": [8.17463, 2.075, 7.9364]},
			"faces": {
				"north": {"uv": [2, 3, 14.999, 13.999], "texture": "#0"},
				"south": {"uv": [2, 3, 14.999, 13.999], "texture": "#0"}
			}
		},
		{
			"from": [3.42389, -1.285, 9.1534],
			"to": [3.42389, 5.135, 15.6334],
			"rotation": {"angle": 22.5, "axis": "y", "origin": [3.42389, 2.075, 12.3934]},
			"faces": {
				"east": {"uv": [2, 3, 14.999, 13.999], "texture": "#0"},
				"west": {"uv": [2, 0, 14.999, 12.999], "texture": "#0"}
			}
		},
		{
			"from": [9.38214, -1.2725, 12.69605],
			"to": [15.86214, 4.8475, 12.69605],
			"rotation": {"angle": -45, "axis": "y", "origin": [12.62214, 2.0125, 12.69605]},
			"faces": {
				"north": {"uv": [2, 3, 14.999, 13.999], "texture": "#0"},
				"south": {"uv": [2, 3, 14.999, 13.999], "texture": "#0"}
			}
		},
		{
			"from": [9.30306, -1.335, 3.95033],
			"to": [15.78306, 6.285, 3.95033],
			"rotation": {"angle": -22.5, "axis": "y", "origin": [12.55806, -0.255, 3.60533]},
			"faces": {
				"north": {"uv": [2, 2, 14.999, 13.999], "texture": "#0"},
				"south": {"uv": [2, 3, 14.999, 13.999], "texture": "#0"}
			}
		},
		{
			"from": [0.06812, -1.2975, 4.07791],
			"to": [6.54812, 5.4225, 4.07791],
			"rotation": {"angle": 22.5, "axis": "y", "origin": [3.30812, 2.1375, 4.07791]},
			"faces": {
				"north": {"uv": [2, 2, 14.999, 13.999], "texture": "#0"},
				"south": {"uv": [2, 3, 14.999, 13.999], "texture": "#0"}
			}
		},
		{
			"from": [8.17463, -1.285, 4.6964],
			"to": [8.17463, 5.135, 11.1764],
			"rotation": {"angle": -22.5, "axis": "y", "origin": [8.17463, 2.075, 7.9364]},
			"faces": {
				"east": {"uv": [2, 3, 14.999, 13.999], "texture": "#0"},
				"west": {"uv": [2, 0, 14.999, 13.999], "texture": "#0"}
			}
		},
		{
			"from": [0.18389, -1.285, 12.3934],
			"to": [6.66389, 5.735, 12.3934],
			"rotation": {"angle": 22.5, "axis": "y", "origin": [3.42389, 2.075, 12.3934]},
			"faces": {
				"north": {"uv": [2, 3, 14.999, 13.999], "texture": "#0"},
				"south": {"uv": [2, 3, 14.999, 13.999], "texture": "#0"}
			}
		},
		{
			"from": [12.62214, -1.2725, 9.45605],
			"to": [12.62214, 5.7475, 15.93605],
			"rotation": {"angle": -45, "axis": "y", "origin": [12.62214, 2.0125, 12.69605]},
			"faces": {
				"east": {"uv": [2, 3, 14.999, 13.999], "texture": "#0"},
				"west": {"uv": [2, 0, 14.999, 13.999], "texture": "#0"}
			}
		},
		{
			"from": [12.54306, -1.335, 0.71033],
			"to": [12.54306, 5.685, 7.19033],
			"rotation": {"angle": -22.5, "axis": "y", "origin": [12.55806, -0.255, 3.60533]},
			"faces": {
				"east": {"uv": [2, 2, 14.999, 13.999], "texture": "#0"},
				"west": {"uv": [2, 0, 14.999, 13.999], "texture": "#0"}
			}
		}
	]
}