{
	"credit": "Made with Blockbench",
	"textures": {
		"0": "./energy_sniper",
		"1": "./sniper",
		"particle": "./texture"
	},
	"elements": [
		{
			"from": [7.71346, 8.55865, -3.52692],
			"to": [8.28846, 8.95865, 4.27308],
			"rotation": {"angle": 0, "axis": "y", "origin": [15.51346, 16.13365, 2.47308]},
			"faces": {
				"north": {"uv": [6.25, 0, 15.8, 0.9], "texture": "#0"},
				"east": {"uv": [6.25, 0, 15.8, 0.9], "texture": "#0"},
				"south": {"uv": [6.25, 0, 15.8, 0.9], "texture": "#0"},
				"west": {"uv": [6.25, 0, 15.8, 0.9], "texture": "#0"},
				"up": {"uv": [6.25, 0, 15.8, 0.9], "texture": "#0"},
				"down": {"uv": [6.25, 0, 15.8, 0.9], "texture": "#0"}
			}
		},
		{
			"from": [7.81346, 8.90865, -3.52692],
			"to": [8.18846, 9.10865, 4.87308],
			"rotation": {"angle": 0, "axis": "y", "origin": [15.51346, 16.13365, 2.47308]},
			"faces": {
				"north": {"uv": [6.25, 0, 15.8, 0.9], "texture": "#0"},
				"east": {"uv": [6.25, 2.25, 15.8, 3.15], "rotation": 180, "texture": "#0"},
				"south": {"uv": [6.25, 0, 15.8, 0.9], "texture": "#0"},
				"west": {"uv": [6.25, 2.25, 15.8, 3.15], "rotation": 180, "texture": "#0"},
				"up": {"uv": [6.25, 4.5, 15.8, 5.4], "rotation": 90, "texture": "#0"},
				"down": {"uv": [6.25, 0, 15.8, 0.9], "texture": "#0"}
			}
		},
		{
			"from": [7.66346, 8.48365, -3.52692],
			"to": [8.33846, 8.60865, 7.47308],
			"rotation": {"angle": 0, "axis": "y", "origin": [15.51346, 16.33365, 2.47308]},
			"faces": {
				"north": {"uv": [6, 3.25, 16, 4.175], "rotation": 90, "texture": "#0"},
				"east": {"uv": [6, 3.925, 16, 4.175], "texture": "#0"},
				"south": {"uv": [6, 3.25, 16, 4.175], "rotation": 90, "texture": "#0"},
				"west": {"uv": [6, 3.925, 16, 4.175], "texture": "#0"},
				"up": {"uv": [6, 3.25, 16, 4.175], "rotation": 90, "texture": "#0"},
				"down": {"uv": [6, 3.25, 16, 4.175], "rotation": 90, "texture": "#0"}
			}
		},
		{
			"from": [7.51346, 8.55865, 5.97308],
			"to": [8.48846, 8.88365, 16.47308],
			"rotation": {"angle": 0, "axis": "y", "origin": [15.51346, 12.88365, 8.47308]},
			"faces": {
				"north": {"uv": [1, 10, 0, 13.425], "texture": "#0"},
				"east": {"uv": [6.875, 13.125, 1.125, 15.925], "texture": "#0"},
				"south": {"uv": [0, 0, 0, 0], "texture": "#0"},
				"west": {"uv": [0, 13.8, 10.475, 13], "texture": "#0"},
				"up": {"uv": [1, 10, 0, 13.5], "texture": "#0"},
				"down": {"uv": [0.875, 10, 0, 13.425], "texture": "#0"}
			}
		},
		{
			"from": [7.43846, 6.45865, 16.47308],
			"to": [8.56346, 9.23365, 16.77308],
			"rotation": {"angle": 0, "axis": "y", "origin": [15.51346, 12.88365, 15.47308]},
			"faces": {
				"north": {"uv": [0, 10, 1, 10.75], "texture": "#0"},
				"east": {"uv": [0.5, 10, 1, 13.5], "texture": "#0"},
				"south": {"uv": [0, 9.5, 1.25, 13], "texture": "#0"},
				"west": {"uv": [0.5, 10, 0, 13.5], "texture": "#0"},
				"up": {"uv": [0, 12, 1, 11.5], "texture": "#0"},
				"down": {"uv": [0, 11.5, 1, 11.125], "rotation": 180, "texture": "#0"}
			}
		},
		{
			"from": [7.46346, 7.55865, 5.54808],
			"to": [8.56346, 8.63365, 12.94808],
			"rotation": {"angle": 0, "axis": "y", "origin": [15.51346, 12.88365, 0.29808]},
			"faces": {
				"north": {"uv": [6.5, 10.5, 5, 12], "rotation": 180, "texture": "#0"},
				"east": {"uv": [4.5, 9, 15.9, 10.825], "rotation": 180, "texture": "#0"},
				"south": {"uv": [9, 1.25, 10.1, 2.325], "texture": "#0"},
				"west": {"uv": [15.9, 9, 4.5, 10.825], "rotation": 180, "texture": "#0"},
				"up": {"uv": [6.5, 10.5, 4.5, 12], "rotation": 180, "texture": "#0"},
				"down": {"uv": [6.5, 10.5, 1, 12], "rotation": 180, "texture": "#0"}
			}
		},
		{
			"from": [5.58846, 7.60865, 7.84808],
			"to": [7.18846, 8.68365, 8.12308],
			"rotation": {"angle": -22.5, "axis": "x", "origin": [6.38846, 8.14615, 8.01058]},
			"faces": {
				"north": {"uv": [15.85, 12.25, 10.5, 15.825], "rotation": 180, "texture": "#0"},
				"east": {"uv": [16, 0.75, 15.5, 2.75], "rotation": 180, "texture": "#0"},
				"south": {"uv": [0, 0, 6, 4], "texture": "#0"},
				"west": {"uv": [15.5, 0.75, 16, 2.75], "rotation": 180, "texture": "#0"},
				"up": {"uv": [15, 2.75, 12, 2.25], "rotation": 180, "texture": "#0"},
				"down": {"uv": [15, 2.25, 12, 2.75], "rotation": 180, "texture": "#0"}
			}
		},
		{
			"from": [8.55096, 7.55865, 8.13558],
			"to": [8.60096, 8.63365, 9.73558],
			"rotation": {"angle": 0, "axis": "y", "origin": [8.58846, 8.09615, 8.93558]},
			"faces": {
				"north": {"uv": [15.5, 0.75, 16, 2.75], "rotation": 180, "texture": "#0"},
				"east": {"uv": [15.85, 12.25, 10.5, 15.825], "rotation": 180, "texture": "#0"},
				"south": {"uv": [16, 0.75, 15.5, 2.75], "rotation": 180, "texture": "#0"},
				"west": {"uv": [0, 0, 6, 4], "texture": "#0"},
				"up": {"uv": [15, 2.75, 12, 2.25], "rotation": 270, "texture": "#0"},
				"down": {"uv": [15, 2.25, 12, 2.75], "rotation": 90, "texture": "#0"}
			}
		},
		{
			"from": [6.98846, 8.00865, 7.89808],
			"to": [7.46346, 8.20865, 8.07308],
			"rotation": {"angle": -22.5, "axis": "x", "origin": [6.21346, 8.14615, 8.01058]},
			"faces": {
				"north": {"uv": [8.5, 1.25, 9.725, 1.7], "texture": "#0"},
				"east": {"uv": [8.5, 1.25, 9.725, 1.7], "texture": "#0"},
				"south": {"uv": [8.5, 1.25, 9.725, 1.7], "texture": "#0"},
				"west": {"uv": [8.5, 1.25, 9.725, 1.7], "texture": "#0"},
				"up": {"uv": [8.5, 1.25, 9.725, 1.7], "texture": "#0"},
				"down": {"uv": [8.5, 1.25, 9.725, 1.7], "texture": "#0"}
			}
		},
		{
			"from": [7.56346, 8.20865, 4.27308],
			"to": [8.43846, 9.00865, 6.04808],
			"rotation": {"angle": 0, "axis": "y", "origin": [15.51346, 13.38365, -1.52692]},
			"faces": {
				"north": {"uv": [9.5, 2.55, 11.625, 0.75], "texture": "#0"},
				"east": {"uv": [6.75, 10.75, 7.8, 13.275], "rotation": 270, "texture": "#0"},
				"south": {"uv": [0, 0, 0, 0], "texture": "#0"},
				"west": {"uv": [6.75, 13.275, 7.8, 10.75], "rotation": 270, "texture": "#0"},
				"up": {"uv": [10, 1.775, 10.875, 0], "texture": "#0"},
				"down": {"uv": [8, 2.275, 8.875, 0.5], "texture": "#0"}
			}
		},
		{
			"from": [7.56346, 8.20865, 6.04808],
			"to": [8.43846, 9.00865, 16.52308],
			"rotation": {"angle": 0, "axis": "y", "origin": [15.51346, 13.38365, 0.24808]},
			"faces": {
				"north": {"uv": [0, 15.8, 10.475, 15], "texture": "#0"},
				"east": {"uv": [10.475, 15.8, 0, 15], "texture": "#0"},
				"south": {"uv": [0, 15.8, 10.475, 15], "texture": "#0"},
				"west": {"uv": [0, 15.8, 10.475, 15], "texture": "#0"},
				"up": {"uv": [0, 15.8, 10.475, 15], "texture": "#0"},
				"down": {"uv": [10.475, 14.8, 0, 13.75], "rotation": 90, "texture": "#0"}
			}
		},
		{
			"from": [7.66346, 7.75865, 4.89808],
			"to": [8.33846, 8.98365, 5.62308],
			"rotation": {"angle": 0, "axis": "y", "origin": [15.51346, 13.38365, -1.52692]},
			"faces": {
				"north": {"uv": [8.5, 2.25, 9.275, 1], "texture": "#0"},
				"east": {"uv": [8.25, 1.475, 9.5, 0.75], "rotation": 270, "texture": "#0"},
				"south": {"uv": [0, 0, 0, 0], "texture": "#0"},
				"west": {"uv": [8, 1.225, 9.25, 0.5], "rotation": 270, "texture": "#0"},
				"up": {"uv": [3.5, 7.375, 5.875, 0], "texture": "#0"},
				"down": {"uv": [8.25, 0.975, 8.925, 0.25], "texture": "#0"}
			}
		},
		{
			"from": [7.738, 6.58365, 8.64808],
			"to": [8.265, 7.68365, 9.29808],
			"rotation": {"angle": -22.5, "axis": "x", "origin": [8.00096, 7.38365, 8.98558]},
			"faces": {
				"north": {"uv": [6.25, 3.75, 7.75, 5.75], "texture": "#0"},
				"east": {"uv": [6.25, 2.9, 7.325, 2.25], "rotation": 90, "texture": "#0"},
				"south": {"uv": [5.5, 13.5, 7, 14.5], "texture": "#0"},
				"west": {"uv": [6.25, 2.25, 7.325, 2.9], "rotation": 90, "texture": "#0"},
				"up": {"uv": [0, 0, 0, 0], "texture": "#0"},
				"down": {"uv": [5.5, 13.5, 7, 16], "texture": "#0"}
			}
		},
		{
			"from": [7.73846, 6.48365, 8.97308],
			"to": [8.26346, 6.80865, 11.34808],
			"rotation": {"angle": 0, "axis": "x", "origin": [8.00096, 7.80865, 9.36058]},
			"faces": {
				"north": {"uv": [6.5, 2.5, 8.875, 2.825], "texture": "#0"},
				"east": {"uv": [8.875, 2.5, 6.5, 2.825], "texture": "#0"},
				"south": {"uv": [6.5, 2.5, 8.875, 2.825], "texture": "#0"},
				"west": {"uv": [7, 2.5, 9.375, 2.825], "texture": "#0"},
				"up": {"uv": [7.25, 0.25, 7.775, 2.625], "texture": "#0"},
				"down": {"uv": [7.5, 3.25, 8.025, 5.625], "texture": "#0"}
			}
		},
		{
			"from": [7.63846, 5.93365, 10.87308],
			"to": [8.36346, 8.20865, 11.77308],
			"rotation": {"angle": -22.5, "axis": "x", "origin": [8.00096, 7.38365, 11.33558]},
			"faces": {
				"north": {"uv": [2, 4.25, 3.475, 8.775], "texture": "#0"},
				"east": {"uv": [1.9, 4.25, 0, 8.775], "texture": "#0"},
				"south": {"uv": [2, 4.25, 3.475, 8.775], "texture": "#0"},
				"west": {"uv": [0, 4.25, 1.9, 8.775], "texture": "#0"},
				"up": {"uv": [0, 4.25, 1.9, 8.775], "texture": "#0"},
				"down": {"uv": [0, 4.25, 1.9, 8.775], "texture": "#0"}
			}
		},
		{
			"from": [7.58846, 5.75865, 10.64808],
			"to": [8.41346, 5.95865, 11.77308],
			"rotation": {"angle": -22.5, "axis": "x", "origin": [8.00096, 7.38365, 11.33558]},
			"faces": {
				"north": {"uv": [6, 2.75, 7.5, 4.25], "texture": "#0"},
				"east": {"uv": [6, 2.75, 7.5, 4.25], "texture": "#0"},
				"south": {"uv": [6, 2.75, 7.5, 4.25], "texture": "#0"},
				"west": {"uv": [6, 2.75, 7.5, 4.25], "texture": "#0"},
				"up": {"uv": [6, 2.75, 7.5, 4.25], "texture": "#0"},
				"down": {"uv": [9.25, 3.75, 10.75, 5.25], "texture": "#0"}
			}
		},
		{
			"from": [7.81346, 7.10865, 10.12308],
			"to": [8.11346, 7.70865, 10.27308],
			"rotation": {"angle": 22.5, "axis": "x", "origin": [7.96346, 7.40865, 10.19808]},
			"faces": {
				"north": {"uv": [7.55, 3.75, 7.25, 4.35], "texture": "#0"},
				"east": {"uv": [7.55, 3.75, 7.25, 4.35], "texture": "#0"},
				"south": {"uv": [7.55, 3.75, 7.25, 4.35], "texture": "#0"},
				"west": {"uv": [7.55, 3.75, 7.25, 4.35], "texture": "#0"},
				"up": {"uv": [7.55, 3.75, 7.25, 4.35], "texture": "#0"},
				"down": {"uv": [7.55, 3.75, 7.25, 4.35], "texture": "#0"}
			}
		},
		{
			"from": [7.68846, 7.10865, 6.27308],
			"to": [8.31346, 7.60865, 9.42308],
			"rotation": {"angle": 0, "axis": "y", "origin": [15.51346, 11.35865, -0.35192]},
			"faces": {
				"north": {"uv": [7.625, 2.25, 7, 3], "texture": "#0"},
				"east": {"uv": [5.5, 2.25, 8.15, 3], "texture": "#0"},
				"south": {"uv": [7.375, 0.5, 6.75, 1], "texture": "#0"},
				"west": {"uv": [8.15, 2.25, 5.5, 3], "texture": "#0"},
				"up": {"uv": [0, 8, 1, 0], "texture": "#0"},
				"down": {"uv": [6.75, 2.25, 7.375, 5.15], "texture": "#0"}
			}
		},
		{
			"from": [7.68846, 8.60865, 3.22308],
			"to": [8.31346, 9.18365, 5.47308],
			"rotation": {"angle": 0, "axis": "y", "origin": [15.51346, 14.38365, 1.72308]},
			"faces": {
				"north": {"uv": [12.25, 8.575, 14.75, 6.25], "texture": "#0"},
				"east": {"uv": [6.25, 6.25, 12.25, 7.825], "rotation": 180, "texture": "#0"},
				"south": {"uv": [6.25, 7.825, 12.25, 6.25], "texture": "#0"},
				"west": {"uv": [6.25, 7.825, 12.25, 6.25], "texture": "#0"},
				"up": {"uv": [6.25, 7.825, 12.25, 6.25], "rotation": 90, "texture": "#0"}
			}
		},
		{
			"from": [7.68846, 8.60865, 5.47308],
			"to": [8.31346, 9.18365, 16.49808],
			"rotation": {"angle": 0, "axis": "y", "origin": [15.51346, 14.38365, 2.72308]},
			"faces": {
				"north": {"uv": [15.25, 5.75, 15.875, 5.5], "rotation": 180, "texture": "#0"},
				"east": {"uv": [6.25, 2.825, 16, 2.25], "texture": "#0"},
				"south": {"uv": [15.25, 16, 15.875, 5.5], "texture": "#0"},
				"west": {"uv": [6.25, 2.825, 16, 2.25], "texture": "#0"},
				"up": {"uv": [6.25, 3.875, 16, 2.75], "rotation": 90, "texture": "#0"},
				"down": {"uv": [0, 0, 0, 0], "texture": "#0"}
			}
		},
		{
			"from": [7.76346, 9.00865, 5.32308],
			"to": [8.23846, 9.25865, 12.22308],
			"rotation": {"angle": 0, "axis": "y", "origin": [15.51346, 14.50865, 1.72308]},
			"faces": {
				"north": {"uv": [0, 9.5, 0.5, 9.125], "texture": "#1"},
				"east": {"uv": [0, 9.5, 1, 1.5], "rotation": 90, "texture": "#1"},
				"south": {"uv": [0, 1.875, 0.875, 1.5], "texture": "#1"},
				"west": {"uv": [0, 9.5, 1, 1.5], "rotation": 270, "texture": "#1"},
				"up": {"uv": [0, 9.5, 1, 1.5], "texture": "#1"},
				"down": {"uv": [0, 0, 0, 0], "texture": "#1"}
			}
		},
		{
			"from": [7.86346, 8.93365, 7.54808],
			"to": [8.18846, 9.50865, 8.17308],
			"rotation": {"angle": 0, "axis": "y", "origin": [15.51346, 14.43365, 2.99808]},
			"faces": {
				"north": {"uv": [0, 9.5, 0.5, 9.125], "texture": "#1"},
				"east": {"uv": [0, 2.125, 0.575, 1.5], "rotation": 90, "texture": "#1"},
				"south": {"uv": [0, 1.875, 0.875, 1.5], "texture": "#1"},
				"west": {"uv": [0, 2.125, 0.575, 1.5], "rotation": 270, "texture": "#1"},
				"up": {"uv": [0, 0, 0, 0], "texture": "#1"},
				"down": {"uv": [0, 0, 0, 0], "texture": "#1"}
			}
		},
		{
			"from": [7.83846, 8.93365, 9.72308],
			"to": [8.18846, 9.58365, 10.34808],
			"rotation": {"angle": 0, "axis": "y", "origin": [15.51346, 14.43365, 5.17308]},
			"faces": {
				"north": {"uv": [0, 9.5, 0.5, 9.125], "texture": "#1"},
				"east": {"uv": [0, 2.125, 0.65, 1.5], "rotation": 90, "texture": "#1"},
				"south": {"uv": [0, 1.875, 0.875, 1.5], "texture": "#1"},
				"west": {"uv": [0, 2.125, 0.65, 1.5], "rotation": 270, "texture": "#1"},
				"up": {"uv": [0, 0, 0, 0], "texture": "#1"},
				"down": {"uv": [0, 0, 0, 0], "texture": "#1"}
			}
		},
		{
			"from": [7.51346, 9.48365, 7.07308],
			"to": [8.48846, 10.48365, 9.19808],
			"rotation": {"angle": 0, "axis": "y", "origin": [15.51346, 14.98365, 4.72308]},
			"faces": {
				"north": {"uv": [11.125, 2.875, 14.35, 0.125], "texture": "#1"},
				"east": {"uv": [0, 9.5, 1, 1.5], "rotation": 90, "texture": "#1"},
				"south": {"uv": [0, 1.875, 0.875, 1.5], "texture": "#1"},
				"west": {"uv": [0, 9.5, 1, 1.5], "rotation": 270, "texture": "#1"},
				"up": {"uv": [0, 9.5, 1, 1.5], "texture": "#1"},
				"down": {"uv": [0, 9.5, 1, 1.5], "texture": "#1"}
			}
		},
		{
			"from": [7.63846, 9.40865, 7.17308],
			"to": [8.38846, 10.58365, 9.07308],
			"rotation": {"angle": 0, "axis": "y", "origin": [15.51346, 14.98365, 4.72308]},
			"faces": {
				"north": {"uv": [0, 0, 1, 1], "texture": "#1"},
				"east": {"uv": [0, 9.5, 1, 1.5], "rotation": 90, "texture": "#1"},
				"south": {"uv": [0, 0, 1, 1], "texture": "#1"},
				"west": {"uv": [0, 9.5, 1, 1.5], "rotation": 270, "texture": "#1"},
				"up": {"uv": [0, 9.5, 1, 1.5], "texture": "#1"},
				"down": {"uv": [0, 9.5, 1, 1.5], "texture": "#1"}
			}
		},
		{
			"from": [7.73846, 9.48365, 9.07308],
			"to": [8.28846, 10.50865, 10.97308],
			"rotation": {"angle": 0, "axis": "y", "origin": [15.51346, 14.98365, 6.62308]},
			"faces": {
				"north": {"uv": [0, 0, 0, 0], "texture": "#1"},
				"east": {"uv": [0, 9.5, 1, 1.5], "rotation": 90, "texture": "#1"},
				"south": {"uv": [0, 0, 0, 0], "texture": "#1"},
				"west": {"uv": [0, 9.5, 1, 1.5], "rotation": 270, "texture": "#1"},
				"up": {"uv": [0, 9.5, 1, 1.5], "texture": "#1"},
				"down": {"uv": [0, 9.5, 1, 1.5], "texture": "#1"}
			}
		},
		{
			"from": [7.61346, 9.58365, 9.07308],
			"to": [8.38846, 10.38365, 11.19808],
			"rotation": {"angle": 0, "axis": "y", "origin": [15.51346, 14.98365, 6.72308]},
			"faces": {
				"north": {"uv": [0, 9.5, 0.5, 9.125], "texture": "#1"},
				"east": {"uv": [0, 9.5, 1, 1.5], "rotation": 90, "texture": "#1"},
				"south": {"uv": [11.5, 2.425, 14.025, 0.625], "texture": "#1"},
				"west": {"uv": [0, 9.5, 1, 1.5], "rotation": 270, "texture": "#1"},
				"up": {"uv": [0, 9.5, 1, 1.5], "texture": "#1"},
				"down": {"uv": [0, 9.5, 1, 1.5], "texture": "#1"}
			}
		},
		{
			"from": [7.51346, 9.48365, 10.92308],
			"to": [8.46346, 10.53365, 11.09808],
			"rotation": {"angle": 0, "axis": "y", "origin": [15.51346, 14.98365, 6.72308]},
			"faces": {
				"north": {"uv": [13.125, 11.125, 14.125, 3.125], "rotation": 90, "texture": "#1"},
				"east": {"uv": [13.375, 4, 14.25, 9.25], "rotation": 90, "texture": "#1"},
				"south": {"uv": [13.125, 11.125, 14.125, 3.125], "rotation": 90, "texture": "#1"},
				"west": {"uv": [13.125, 11.125, 14.125, 3.125], "rotation": 90, "texture": "#1"},
				"up": {"uv": [13.5, 6.375, 14.25, 3.375], "rotation": 90, "texture": "#1"},
				"down": {"uv": [13.125, 11.125, 14.125, 3.125], "rotation": 90, "texture": "#1"}
			}
		},
		{
			"from": [7.63846, 8.45865, -3.57692],
			"to": [8.36346, 9.13365, -3.30192],
			"rotation": {"angle": 0, "axis": "y", "origin": [15.51346, 13.38365, -7.02692]},
			"faces": {
				"north": {"uv": [5.725, 4, 4.25, 5.425], "texture": "#0", "tintindex": 0},
				"east": {"uv": [6.925, 3, 6.25, 3.275], "rotation": 90, "texture": "#0", "tintindex": 0},
				"south": {"uv": [6.975, 3, 6.25, 3.675], "texture": "#0", "tintindex": 0},
				"west": {"uv": [6.925, 3, 6.25, 3.275], "rotation": 90, "texture": "#0", "tintindex": 0},
				"up": {"uv": [6.925, 3, 6.25, 3.275], "rotation": 90, "texture": "#0", "tintindex": 0},
				"down": {"uv": [6.925, 3, 6.25, 3.275], "rotation": 90, "texture": "#0", "tintindex": 0}
			}
		}
	],
	"display": {
		"thirdperson_righthand": {
			"translation": [0, 1, -2],
			"scale": [1.18, 1.18, 1.18]
		},
		"thirdperson_lefthand": {
			"translation": [0, 1, -2],
			"scale": [1.18, 1.18, 1.18]
		},
		"firstperson_righthand": {
			"rotation": [6.25, 9, 0],
			"translation": [-5.75, 5.75, 3.25]
		},
		"firstperson_lefthand": {
			"rotation": [6.25, 1.25, 0],
			"translation": [-5.75, 5.75, 3.25]
		},
		"ground": {
			"scale": [1.35, 1.35, 1.35]
		},
		"gui": {
			"rotation": [-27, 135, 6],
			"translation": [0.25, 0.5, -0.25],
			"scale": [1.49, 1.49, 1.49]
		},
		"head": {
			"rotation": [0, 0, 18],
			"translation": [6.25, -7.25, -17.25],
			"scale": [2.14, 2.14, 2.14]
		},
		"fixed": {
			"rotation": [90, 0, 90],
			"translation": [0, 0, -3.5],
			"scale": [2.75, 2.75, 2.75]
		}
	}
}