{
	"credit": "Made with Blockbench",
	"textures": {
		"0": "./sniper",
		"1": "block/nether_portal",
		"particle": "./sniper"
	},
	"elements": [
		{
			"from": [7.81346, 8.18365, -3.52692],
			"to": [8.18846, 8.63365, 7.47308],
			"rotation": {"angle": 0, "axis": "y", "origin": [15.51346, 15.63365, 2.47308]},
			"faces": {
				"east": {"uv": [3.5, 0, 5.5, 6.625], "rotation": 270, "texture": "#0"},
				"west": {"uv": [3.5, 0, 5.5, 6.625], "rotation": 270, "texture": "#0"},
				"up": {"uv": [3.5, 0, 5.5, 6.625], "texture": "#0"},
				"down": {"uv": [3.5, 0, 5.5, 6.625], "texture": "#0"}
			}
		},
		{
			"from": [7.86346, 8.00865, -1.02692],
			"to": [8.11346, 8.23365, 2.09808],
			"rotation": {"angle": 0, "axis": "y", "origin": [15.51346, 15.23365, 2.47308]},
			"faces": {
				"north": {"uv": [0.25, 0, 0.5, 0.225], "texture": "#0"},
				"east": {"uv": [5.5, 0, 8.625, 0.225], "texture": "#0"},
				"south": {"uv": [0.25, 0, 0.5, 0.225], "texture": "#0"},
				"west": {"uv": [5.5, 0, 8.625, 0.225], "texture": "#0"},
				"down": {"uv": [0, 5.5, 0.25, 8.625], "texture": "#0"}
			}
		},
		{
			"from": [7.43846, 6.08365, 11.22308],
			"to": [8.56346, 8.88365, 16.47308],
			"rotation": {"angle": 0, "axis": "y", "origin": [15.51346, 12.88365, 8.47308]},
			"faces": {
				"north": {"uv": [1, 10, 0, 13.425], "texture": "#0"},
				"east": {"uv": [6.875, 13.125, 1.125, 15.925], "texture": "#0"},
				"west": {"uv": [6.875, 13.125, 1.125, 15.925], "texture": "#0"},
				"up": {"uv": [1, 10, 0, 13.5], "texture": "#0"},
				"down": {"uv": [0.875, 10, 0, 13.425], "texture": "#0"}
			}
		},
		{
			"from": [7.18846, 6.33365, 11.47308],
			"to": [8.81346, 8.63365, 16.22308],
			"rotation": {"angle": 0, "axis": "y", "origin": [15.51346, 12.88365, 8.47308]},
			"faces": {
				"north": {"uv": [1, 10, 0, 13.425], "texture": "#0"},
				"east": {"uv": [6.875, 13.125, 1.125, 15.925], "rotation": 180, "texture": "#0"},
				"south": {"uv": [6.875, 13.125, 1.125, 15.925], "texture": "#0"},
				"west": {"uv": [6.875, 13.125, 1.125, 15.925], "texture": "#0"},
				"up": {"uv": [1, 10, 0, 13.5], "texture": "#0"},
				"down": {"uv": [1, 10, 0, 13.425], "texture": "#0"}
			}
		},
		{
			"from": [7.43846, 5.73365, 16.47308],
			"to": [8.56346, 9.13365, 16.97308],
			"rotation": {"angle": 0, "axis": "y", "origin": [15.51346, 12.88365, 15.47308]},
			"faces": {
				"north": {"uv": [0, 10, 1, 10.75], "texture": "#0"},
				"east": {"uv": [0.5, 10, 1, 13.5], "texture": "#0"},
				"south": {"uv": [0, 10, 1, 13.5], "texture": "#0"},
				"west": {"uv": [0.5, 10, 0, 13.5], "texture": "#0"},
				"up": {"uv": [0, 12, 1, 11.5], "texture": "#0"},
				"down": {"uv": [0, 11.5, 1, 11.125], "rotation": 180, "texture": "#0"}
			}
		},
		{
			"from": [7.43846, 7.38365, 5.72308],
			"to": [8.56346, 8.88365, 11.22308],
			"rotation": {"angle": 0, "axis": "y", "origin": [15.51346, 12.88365, 1.47308]},
			"faces": {
				"north": {"uv": [6.5, 10.5, 5, 12], "rotation": 180, "texture": "#0"},
				"east": {"uv": [6.5, 10.5, 1, 12], "texture": "#0"},
				"south": {"uv": [6.5, 10.5, 1, 12], "rotation": 180, "texture": "#0"},
				"west": {"uv": [6.5, 10.5, 1, 12], "rotation": 180, "texture": "#0"},
				"up": {"uv": [6.5, 10.5, 4.5, 12], "rotation": 180, "texture": "#0"},
				"down": {"uv": [6.5, 10.5, 1, 12], "rotation": 180, "texture": "#0"}
			}
		},
		{
			"from": [7.26346, 7.55865, 5.82308],
			"to": [8.76346, 8.63365, 11.47308],
			"rotation": {"angle": 0, "axis": "y", "origin": [15.51346, 12.88365, 1.47308]},
			"faces": {
				"north": {"uv": [6.5, 10.5, 5, 12], "rotation": 180, "texture": "#0"},
				"east": {"uv": [0.75, 10.75, 6.4, 11.825], "rotation": 180, "texture": "#0"},
				"west": {"uv": [6.4, 10.75, 0.75, 11.825], "rotation": 180, "texture": "#0"},
				"up": {"uv": [6.5, 10.5, 4.5, 12], "rotation": 180, "texture": "#0"},
				"down": {"uv": [6.5, 10.5, 1, 12], "rotation": 180, "texture": "#0"}
			}
		},
		{
			"from": [7.61346, 7.50865, 1.84808],
			"to": [8.38846, 8.75865, 5.97308],
			"rotation": {"angle": 0, "axis": "y", "origin": [15.51346, 12.88365, -1.52692]},
			"faces": {
				"north": {"uv": [3.875, 1.75, 4.65, 0.5], "texture": "#0"},
				"east": {"uv": [3.5, 7.375, 5.875, 0], "rotation": 270, "texture": "#0"},
				"west": {"uv": [3.5, 7.375, 5.875, 0], "rotation": 270, "texture": "#0"},
				"up": {"uv": [3.5, 7.375, 5.875, 0], "texture": "#0"},
				"down": {"uv": [3.5, 7.375, 5.875, 0], "texture": "#0"}
			}
		},
		{
			"from": [7.43846, 6.33365, 9.47308],
			"to": [8.56346, 6.60865, 11.22308],
			"rotation": {"angle": 0, "axis": "y", "origin": [15.51346, 11.13365, 1.47308]},
			"faces": {
				"north": {"uv": [6.5, 13.5, 7, 16], "texture": "#0"},
				"east": {"uv": [5.75, 13.5, 3.5, 13.775], "texture": "#0"},
				"west": {"uv": [3.5, 13.5, 7, 14], "texture": "#0"},
				"up": {"uv": [5.5, 13.5, 7, 16], "texture": "#0"},
				"down": {"uv": [5.5, 15.75, 6.625, 13.5], "texture": "#0"}
			}
		},
		{
			"from": [7.43846, 6.58365, 8.47308],
			"to": [8.56346, 7.38365, 9.44808],
			"rotation": {"angle": 0, "axis": "y", "origin": [15.51346, 11.13365, 0.47308]},
			"faces": {
				"north": {"uv": [5.5, 14, 7, 16], "texture": "#0"},
				"east": {"uv": [6.975, 15, 6, 15.775], "texture": "#0"},
				"south": {"uv": [5.5, 13.5, 7, 14.5], "texture": "#0"},
				"west": {"uv": [5.5, 14, 7, 15.5], "texture": "#0"},
				"down": {"uv": [5.5, 13.5, 7, 16], "texture": "#0"}
			}
		},
		{
			"from": [7.61346, 6.88365, 9.94808],
			"to": [8.31346, 7.35865, 10.19808],
			"rotation": {"angle": 0, "axis": "y", "origin": [15.51346, 11.13365, 1.94808]},
			"faces": {
				"north": {"uv": [1.875, 12.125, 1.625, 12.375], "texture": "#0"},
				"east": {"uv": [1.875, 12.125, 1.625, 12.375], "texture": "#0"},
				"south": {"uv": [1.875, 12.125, 1.625, 12.375], "texture": "#0"},
				"west": {"uv": [1.875, 12.125, 1.625, 12.375], "texture": "#0"},
				"down": {"uv": [1.875, 12.125, 1.625, 12.375], "texture": "#0"}
			}
		},
		{
			"from": [7.68846, 6.88365, 5.84808],
			"to": [8.31346, 7.38365, 8.47308],
			"rotation": {"angle": 0, "axis": "y", "origin": [15.51346, 11.13365, -0.77692]},
			"faces": {
				"north": {"uv": [6.625, 15.5, 6, 16], "texture": "#0"},
				"east": {"uv": [6.625, 13.5, 3, 14], "texture": "#0"},
				"south": {"uv": [1, 0, 0, 4], "texture": "#0"},
				"west": {"uv": [6.125, 15.5, 2.5, 16], "texture": "#0"},
				"up": {"uv": [0, 8, 1, 0], "texture": "#0"},
				"down": {"uv": [15, 11.5, 15.625, 15.125], "rotation": 180, "texture": "#0"}
			}
		},
		{
			"from": [7.68846, 8.88365, 5.97308],
			"to": [8.31346, 9.13365, 16.47308],
			"rotation": {"angle": 0, "axis": "y", "origin": [15.51346, 14.38365, 1.72308]},
			"faces": {
				"north": {"uv": [15.25, 5.75, 15.875, 5.5], "rotation": 180, "texture": "#0"},
				"east": {"uv": [15.25, 16, 15.875, 5.5], "rotation": 90, "texture": "#0"},
				"south": {"uv": [15.25, 16, 15.875, 5.5], "texture": "#0"},
				"west": {"uv": [15.25, 16, 15.875, 5.5], "rotation": 270, "texture": "#0"},
				"up": {"uv": [14.5, 16, 15.875, 5.5], "texture": "#0"}
			}
		},
		{
			"from": [7.76346, 9.13365, 6.22308],
			"to": [8.23846, 9.38365, 12.22308],
			"rotation": {"angle": 0, "axis": "y", "origin": [15.51346, 14.63365, 1.72308]},
			"faces": {
				"north": {"uv": [0, 9.5, 0.5, 9.125], "texture": "#0"},
				"east": {"uv": [0, 9.5, 1, 1.5], "rotation": 90, "texture": "#0"},
				"south": {"uv": [0, 1.875, 0.875, 1.5], "texture": "#0"},
				"west": {"uv": [0, 9.5, 1, 1.5], "rotation": 270, "texture": "#0"},
				"up": {"uv": [0, 9.5, 1, 1.5], "texture": "#0"}
			}
		},
		{
			"from": [7.66346, 9.13365, 7.54808],
			"to": [8.33846, 9.70865, 8.17308],
			"rotation": {"angle": 0, "axis": "y", "origin": [15.51346, 14.63365, 2.99808]},
			"faces": {
				"north": {"uv": [0, 9.5, 0.5, 9.125], "texture": "#0"},
				"east": {"uv": [0, 2.125, 0.575, 1.5], "rotation": 90, "texture": "#0"},
				"south": {"uv": [0, 1.875, 0.875, 1.5], "texture": "#0"},
				"west": {"uv": [0, 2.125, 0.575, 1.5], "rotation": 270, "texture": "#0"}
			}
		},
		{
			"from": [7.78846, 9.13365, 9.72308],
			"to": [8.33846, 9.78365, 10.34808],
			"rotation": {"angle": 0, "axis": "y", "origin": [15.51346, 14.63365, 5.17308]},
			"faces": {
				"north": {"uv": [0, 9.5, 0.5, 9.125], "texture": "#0"},
				"east": {"uv": [0, 2.125, 0.65, 1.5], "rotation": 90, "texture": "#0"},
				"south": {"uv": [0, 1.875, 0.875, 1.5], "texture": "#0"},
				"west": {"uv": [0, 2.125, 0.65, 1.5], "rotation": 270, "texture": "#0"}
			}
		},
		{
			"from": [7.51346, 9.68365, 7.07308],
			"to": [8.48846, 10.68365, 9.19808],
			"rotation": {"angle": 0, "axis": "y", "origin": [15.51346, 15.18365, 4.72308]},
			"faces": {
				"north": {"uv": [11.125, 2.875, 14.35, 0.125], "texture": "#0"},
				"east": {"uv": [0, 9.5, 1, 1.5], "rotation": 90, "texture": "#0"},
				"south": {"uv": [0, 1.875, 0.875, 1.5], "texture": "#0"},
				"west": {"uv": [0, 9.5, 1, 1.5], "rotation": 270, "texture": "#0"},
				"up": {"uv": [0, 9.5, 1, 1.5], "texture": "#0"},
				"down": {"uv": [0, 9.5, 1, 1.5], "texture": "#0"}
			}
		},
		{
			"from": [7.63846, 9.60865, 7.17308],
			"to": [8.38846, 10.78365, 9.07308],
			"rotation": {"angle": 0, "axis": "y", "origin": [15.51346, 15.18365, 4.72308]},
			"faces": {
				"north": {"uv": [0, 0, 1, 1], "texture": "#0"},
				"east": {"uv": [0, 9.5, 1, 1.5], "rotation": 90, "texture": "#0"},
				"south": {"uv": [0, 0, 1, 1], "texture": "#0"},
				"west": {"uv": [0, 9.5, 1, 1.5], "rotation": 270, "texture": "#0"},
				"up": {"uv": [0, 9.5, 1, 1.5], "texture": "#0"},
				"down": {"uv": [0, 9.5, 1, 1.5], "texture": "#0"}
			}
		},
		{
			"from": [7.73846, 9.68365, 9.07308],
			"to": [8.28846, 10.70865, 10.97308],
			"rotation": {"angle": 0, "axis": "y", "origin": [15.51346, 15.18365, 6.62308]},
			"faces": {
				"east": {"uv": [0, 9.5, 1, 1.5], "rotation": 90, "texture": "#0"},
				"west": {"uv": [0, 9.5, 1, 1.5], "rotation": 270, "texture": "#0"},
				"up": {"uv": [0, 9.5, 1, 1.5], "texture": "#0"},
				"down": {"uv": [0, 9.5, 1, 1.5], "texture": "#0"}
			}
		},
		{
			"from": [7.61346, 9.78365, 9.07308],
			"to": [8.38846, 10.58365, 11.19808],
			"rotation": {"angle": 0, "axis": "y", "origin": [15.51346, 15.18365, 6.72308]},
			"faces": {
				"north": {"uv": [0, 9.5, 0.5, 9.125], "texture": "#0"},
				"east": {"uv": [0, 9.5, 1, 1.5], "rotation": 90, "texture": "#0"},
				"south": {"uv": [11.5, 2.425, 14.025, 0.625], "texture": "#0"},
				"west": {"uv": [0, 9.5, 1, 1.5], "rotation": 270, "texture": "#0"},
				"up": {"uv": [0, 9.5, 1, 1.5], "texture": "#0"},
				"down": {"uv": [0, 9.5, 1, 1.5], "texture": "#0"}
			}
		},
		{
			"from": [7.51346, 9.68365, 10.92308],
			"to": [8.46346, 10.73365, 11.09808],
			"rotation": {"angle": 0, "axis": "y", "origin": [15.51346, 15.18365, 6.72308]},
			"faces": {
				"north": {"uv": [13.125, 11.125, 14.125, 3.125], "rotation": 90, "texture": "#0"},
				"east": {"uv": [13.375, 4, 14.25, 9.25], "rotation": 90, "texture": "#0"},
				"south": {"uv": [13.125, 11.125, 14.125, 3.125], "rotation": 90, "texture": "#0"},
				"west": {"uv": [13.125, 11.125, 14.125, 3.125], "rotation": 90, "texture": "#0"},
				"up": {"uv": [13.5, 6.375, 14.25, 3.375], "rotation": 90, "texture": "#0"},
				"down": {"uv": [13.125, 11.125, 14.125, 3.125], "rotation": 90, "texture": "#0"}
			}
		},
		{
			"from": [7.58846, 8.13365, -3.92692],
			"to": [8.41346, 8.68365, -2.80192],
			"rotation": {"angle": 0, "axis": "y", "origin": [15.51346, 12.88365, -6.52692]},
			"faces": {
				"north": {"uv": [13.825, 0.5, 11.5, 2.55], "texture": "#0", "tintindex": 0},
				"east": {"uv": [16, 0, 14.5, 1.925], "rotation": 270, "texture": "#0", "tintindex": 0},
				"south": {"uv": [15.95, 1.25, 15.125, 1.8], "texture": "#0", "tintindex": 0},
				"west": {"uv": [16, 0, 14.625, 2], "rotation": 90, "texture": "#0", "tintindex": 0},
				"up": {"uv": [14.625, 2, 15.95, 0], "texture": "#0", "tintindex": 0},
				"down": {"uv": [14.5, 2, 15.95, 0], "rotation": 180, "texture": "#0", "tintindex": 0}
			}
		},
		{
			"from": [7.25, 7.8, 6.575],
			"to": [8.775, 8.3, 7.075],
			"rotation": {"angle": 0, "axis": "y", "origin": [16, 15.325, 13]},
			"faces": {
				"east": {"uv": [5, 4, 6, 5], "texture": "#1"},
				"west": {"uv": [5, 4, 6, 5], "texture": "#1"}
			}
		},
		{
			"from": [7.25, 7.8, 7.575],
			"to": [8.775, 8.3, 8.075],
			"rotation": {"angle": 0, "axis": "y", "origin": [16, 15.325, 14]},
			"faces": {
				"east": {"uv": [4, 6, 5, 7], "texture": "#1"},
				"west": {"uv": [4, 6, 5, 7], "texture": "#1"}
			}
		},
		{
			"from": [7.25, 7.8, 8.575],
			"to": [8.775, 8.3, 9.075],
			"rotation": {"angle": 0, "axis": "y", "origin": [16, 15.325, 15]},
			"faces": {
				"east": {"uv": [4, 7, 5, 8], "texture": "#1"},
				"west": {"uv": [4, 7, 5, 8], "texture": "#1"}
			}
		}
	],
	"display": {
		"thirdperson_righthand": {
			"translation": [0, 2.5, 0],
			"scale": [1.18, 1.18, 1.18]
		},
		"thirdperson_lefthand": {
			"translation": [0, 2.5, 0],
			"scale": [1.18, 1.18, 1.18]
		},
		"firstperson_righthand": {
			"rotation": [4.25, 9, 0],
			"translation": [-5.75, 5.75, 3.25]
		},
		"firstperson_lefthand": {
			"rotation": [4.25, 9, 0],
			"translation": [-5.75, 5.75, 3.25]
		},
		"ground": {
			"scale": [1.35, 1.35, 1.35]
		},
		"gui": {
			"rotation": [-27, 135, 6],
			"translation": [0.25, 0.5, -0.25],
			"scale": [1.41, 1.41, 1.41]
		},
		"head": {
			"translation": [9.25, -5.5, -19.75],
			"scale": [2.14, 2.14, 2.14]
		},
		"fixed": {
			"rotation": [90, 0, 90],
			"translation": [0, 0, -3.5],
			"scale": [2.75, 2.75, 2.75]
		}
	}
}