{
    "variants": {
        "age=0": [
            { "model": "block/foodstuffs/potatoes/potatoes_stage0" },
            { "model": "block/foodstuffs/potatoes/potatoes_stage0", "y": 90 },
            { "model": "block/foodstuffs/potatoes/potatoes_stage0", "y": 180 },
            { "model": "block/foodstuffs/potatoes/potatoes_stage0", "y": 270 }
        ],
        "age=1": [
            { "model": "block/foodstuffs/potatoes/potatoes_stage1" },
            { "model": "block/foodstuffs/potatoes/potatoes_stage1", "y": 90 },
            { "model": "block/foodstuffs/potatoes/potatoes_stage1", "y": 180 },
            { "model": "block/foodstuffs/potatoes/potatoes_stage1", "y": 270 }
        ],
        "age=2": [
            { "model": "block/foodstuffs/potatoes/potatoes_stage2" },
            { "model": "block/foodstuffs/potatoes/potatoes_stage2", "y": 90 },
            { "model": "block/foodstuffs/potatoes/potatoes_stage2", "y": 180 },
            { "model": "block/foodstuffs/potatoes/potatoes_stage2", "y": 270 }
        ],
        "age=3": [
            { "model": "block/foodstuffs/potatoes/potatoes_stage3" },
            { "model": "block/foodstuffs/potatoes/potatoes_stage3", "y": 90 },
            { "model": "block/foodstuffs/potatoes/potatoes_stage3", "y": 180 },
            { "model": "block/foodstuffs/potatoes/potatoes_stage3", "y": 270 }
        ],
        "age=4": [
            { "model": "block/foodstuffs/potatoes/potatoes_stage4" },
            { "model": "block/foodstuffs/potatoes/potatoes_stage4", "y": 90 },
            { "model": "block/foodstuffs/potatoes/potatoes_stage4", "y": 180 },
            { "model": "block/foodstuffs/potatoes/potatoes_stage4", "y": 270 }
        ],
        "age=5": [
            { "model": "block/foodstuffs/potatoes/potatoes_stage5" },
            { "model": "block/foodstuffs/potatoes/potatoes_stage5", "y": 90 },
            { "model": "block/foodstuffs/potatoes/potatoes_stage5", "y": 180 },
            { "model": "block/foodstuffs/potatoes/potatoes_stage5", "y": 270 }
        ],
        "age=6": [
            { "model": "block/foodstuffs/potatoes/potatoes_stage6" },
            { "model": "block/foodstuffs/potatoes/potatoes_stage6", "y": 90 },
            { "model": "block/foodstuffs/potatoes/potatoes_stage6", "y": 180 },
            { "model": "block/foodstuffs/potatoes/potatoes_stage6", "y": 270 }
        ],
        "age=7": [
            { "model": "block/foodstuffs/potatoes/potatoes_stage7" },
            { "model": "block/foodstuffs/potatoes/potatoes_stage7", "y": 90 },
            { "model": "block/foodstuffs/potatoes/potatoes_stage7", "y": 180 },
            { "model": "block/foodstuffs/potatoes/potatoes_stage7", "y": 270 }
        ]

    }
}
