{
	"credit": "Made with Blockbench",
	"texture_size": [32, 32],
	"textures": {
		"0": "./texture",
		"particle": "./texture"
	},
	"elements": [
		{
			"from": [7.60372, 7.35845, 12.91486],
			"to": [8.40372, 8.70845, 14.58986],
			"rotation": {"angle": 0, "axis": "y", "origin": [15.50372, 15.50845, 21.03986]},
			"faces": {
				"north": {"uv": [0, 0, 0.4, 0.675], "texture": "#0"},
				"east": {"uv": [0, 0, 0.8375, 0.675], "texture": "#0"},
				"south": {"uv": [0, 0, 0.4, 0.675], "texture": "#0"},
				"west": {"uv": [0, 0, 0.8375, 0.675], "texture": "#0"},
				"up": {"uv": [0, 0, 0.4, 0.8375], "texture": "#0"},
				"down": {"uv": [0, 0, 0.4, 0.8375], "texture": "#0"}
			}
		},
		{
			"from": [7.60372, 6.85845, 9.36486],
			"to": [8.40372, 7.50845, 11.63986],
			"rotation": {"angle": 0, "axis": "y", "origin": [15.50372, 15.50845, 21.03986]},
			"faces": {
				"north": {"uv": [8.25, 7.6245, 10.887, 8.1995], "texture": "#0"},
				"east": {"uv": [8.25, 7.6245, 10.887, 8.1995], "texture": "#0"},
				"south": {"uv": [8.25, 7.6245, 10.887, 8.1995], "texture": "#0"},
				"west": {"uv": [8.25, 7.6245, 10.887, 8.1995], "texture": "#0"},
				"up": {"uv": [8.25, 7.6245, 10.887, 8.1995], "texture": "#0"},
				"down": {"uv": [8.25, 7.6245, 10.887, 8.1995], "texture": "#0"}
			}
		},
		{
			"from": [7.60372, 6.23345, 9.58986],
			"to": [8.40372, 6.85845, 10.93986],
			"rotation": {"angle": 0, "axis": "x", "origin": [8.00372, 6.53345, 10.12736]},
			"faces": {
				"north": {"uv": [8.25, 7.875, 9.924, 8.6865], "texture": "#0"},
				"east": {"uv": [8.25, 7.875, 9.924, 8.6865], "texture": "#0"},
				"south": {"uv": [8.25, 7.875, 9.924, 8.6865], "texture": "#0"},
				"west": {"uv": [8.25, 7.875, 9.924, 8.6865], "texture": "#0"},
				"up": {"uv": [8.25, 7.875, 9.924, 8.6865], "texture": "#0"},
				"down": {"uv": [8.25, 7.875, 9.924, 8.6865], "texture": "#0"}
			}
		},
		{
			"from": [7.60372, 4.93345, 9.08986],
			"to": [8.40372, 6.68345, 10.71486],
			"rotation": {"angle": 22.5, "axis": "x", "origin": [8.00372, 5.98345, 9.90236]},
			"faces": {
				"north": {"uv": [7.875, 8.75, 9.437, 10.374], "texture": "#0"},
				"east": {"uv": [7.875, 8.75, 9.437, 10.374], "texture": "#0"},
				"south": {"uv": [7.875, 8.75, 9.437, 10.374], "texture": "#0"},
				"west": {"uv": [7.875, 8.75, 9.437, 10.374], "texture": "#0"},
				"up": {"uv": [7.875, 8.75, 9.437, 10.374], "texture": "#0"},
				"down": {"uv": [7.875, 8.75, 9.437, 10.374], "texture": "#0"}
			}
		},
		{
			"from": [7.60372, 3.18345, 8.31486],
			"to": [8.40372, 5.53345, 9.93986],
			"rotation": {"angle": 45, "axis": "x", "origin": [8.00372, 4.83345, 9.12736]},
			"faces": {
				"north": {"uv": [6.375, 10.375, 7.812, 12.2995], "texture": "#0"},
				"east": {"uv": [6.375, 10.375, 7.812, 12.2995], "texture": "#0"},
				"south": {"uv": [6.375, 10.375, 7.812, 12.2995], "texture": "#0"},
				"west": {"uv": [6.375, 10.375, 7.812, 12.2995], "texture": "#0"},
				"up": {"uv": [6.375, 10.375, 7.812, 12.2995], "texture": "#0"},
				"down": {"uv": [6.375, 10.375, 7.812, 12.2995], "texture": "#0"}
			}
		},
		{
			"from": [7.80372, 6.75845, 11.61486],
			"to": [8.20372, 6.90845, 13.01486],
			"rotation": {"angle": 0, "axis": "y", "origin": [15.50372, 15.50845, 21.03986]},
			"faces": {
				"north": {"uv": [5, 14.5, 5.6875, 14.575], "texture": "#0"},
				"east": {"uv": [5, 14.5, 5.6875, 14.575], "texture": "#0"},
				"south": {"uv": [5, 14.5, 5.6875, 14.575], "texture": "#0"},
				"west": {"uv": [5, 14.5, 5.6875, 14.575], "texture": "#0"},
				"up": {"uv": [5, 14.5, 5.6875, 14.575], "texture": "#0"},
				"down": {"uv": [5, 14.5, 5.6875, 14.575], "texture": "#0"}
			}
		},
		{
			"from": [7.80372, 6.90845, 12.93986],
			"to": [8.20372, 7.58345, 13.08986],
			"rotation": {"angle": 0, "axis": "y", "origin": [15.50372, 15.50845, 21.03986]},
			"faces": {
				"north": {"uv": [10.875, 15, 10.95, 15.225], "texture": "#0"},
				"east": {"uv": [10.875, 15, 10.95, 15.225], "texture": "#0"},
				"south": {"uv": [10.875, 15, 10.95, 15.225], "texture": "#0"},
				"west": {"uv": [10.875, 15, 10.95, 15.225], "texture": "#0"},
				"up": {"uv": [10.875, 15, 10.95, 15.225], "texture": "#0"},
				"down": {"uv": [10.875, 15, 10.95, 15.225], "texture": "#0"}
			}
		},
		{
			"from": [7.90372, 6.98345, 12.58986],
			"to": [8.10372, 7.53345, 12.68986],
			"rotation": {"angle": 22.5, "axis": "x", "origin": [8.00372, 7.23345, 12.71486]},
			"faces": {
				"north": {"uv": [0, 0, 0.1, 0.275], "texture": "#0"},
				"east": {"uv": [0, 0, 0.05, 0.275], "texture": "#0"},
				"south": {"uv": [0, 0, 0.1, 0.275], "texture": "#0"},
				"west": {"uv": [0, 0, 0.05, 0.275], "texture": "#0"},
				"up": {"uv": [0, 0, 0.1, 0.05], "texture": "#0"},
				"down": {"uv": [0, 0, 0.1, 0.05], "texture": "#0"}
			}
		},
		{
			"from": [7.47872, 6.53345, 14.33986],
			"to": [8.47872, 7.60845, 20.83986],
			"rotation": {"angle": 22.5, "axis": "x", "origin": [8.00372, 6.93345, 17.78986]},
			"faces": {
				"north": {"uv": [10.5, 5.75, 15.121, 6.6595], "texture": "#0"},
				"east": {"uv": [15.7455, 5.75, 10.5, 6.659], "texture": "#0"},
				"south": {"uv": [8.5, 8.875, 9.0245, 9.412], "texture": "#0"},
				"west": {"uv": [10.5, 5.75, 15.7455, 6.659], "texture": "#0"},
				"up": {"uv": [10.5, 5.75, 15.121, 6.6595], "rotation": 90, "texture": "#0"},
				"down": {"uv": [15.8705, 5.125, 11.25, 6.0345], "rotation": 90, "texture": "#0"}
			}
		},
		{
			"from": [7.70372, 6.58345, 13.58986],
			"to": [8.30372, 9.40845, 14.73986],
			"rotation": {"angle": -22.5, "axis": "x", "origin": [8.00372, 6.93345, 17.78986]},
			"faces": {
				"north": {"uv": [11.25, 7.875, 11.325, 11.2875], "texture": "#0"},
				"east": {"uv": [12.7, 8, 11.25, 11.4125], "texture": "#0"},
				"south": {"uv": [11.25, 8, 11.325, 11.4125], "texture": "#0"},
				"west": {"uv": [11.25, 8, 12.7, 11.4125], "texture": "#0"},
				"up": {"uv": [11.25, 8, 12.575, 11.4125], "texture": "#0"},
				"down": {"uv": [11, 10.375, 11.3, 10.95], "texture": "#0"}
			}
		},
		{
			"from": [7.60372, 6.28345, 13.68986],
			"to": [8.40372, 9.40845, 14.63986],
			"rotation": {"angle": -22.5, "axis": "x", "origin": [8.00372, 6.93345, 17.78986]},
			"faces": {
				"north": {"uv": [11.25, 7.875, 11.325, 11.2875], "texture": "#0"},
				"east": {"uv": [12.7, 8, 11.25, 11.4125], "texture": "#0"},
				"south": {"uv": [11.25, 8, 11.325, 11.4125], "texture": "#0"},
				"west": {"uv": [11.25, 8, 12.7, 11.4125], "texture": "#0"},
				"up": {"uv": [11.25, 8, 12.575, 11.4125], "texture": "#0"},
				"down": {"uv": [11, 10.375, 11.3, 10.95], "texture": "#0"}
			}
		},
		{
			"from": [7.50372, 7.75845, 15.03986],
			"to": [8.50372, 8.68345, 21.13986],
			"rotation": {"angle": 0, "axis": "x", "origin": [8.00372, 6.93345, 17.78986]},
			"faces": {
				"north": {"uv": [9.6245, 4.8745, 15.673, 5.8365], "texture": "#0"},
				"east": {"uv": [15.673, 4.8745, 9.6245, 5.8365], "texture": "#0"},
				"south": {"uv": [8.125, 8.375, 8.9995, 9.2125], "texture": "#0"},
				"west": {"uv": [9.624, 4.874, 15.797, 5.836], "texture": "#0"},
				"up": {"uv": [9.7495, 5.625, 15.798, 6.211], "rotation": 90, "texture": "#0"},
				"down": {"uv": [15.673, 4.8745, 9.6245, 5.8365], "texture": "#0"}
			}
		},
		{
			"from": [7.45372, 6.98345, 17.43986],
			"to": [8.55372, 7.75845, 21.13986],
			"rotation": {"angle": 0, "axis": "x", "origin": [8.00372, 6.93345, 17.78986]},
			"faces": {
				"north": {"uv": [12.625, 6, 13.125, 6.512], "texture": "#0"},
				"east": {"uv": [15.722, 5.75, 11.875, 6.761], "texture": "#0"},
				"south": {"uv": [8.25, 9, 8.874, 9.637], "texture": "#0"},
				"west": {"uv": [11.875, 5.75, 15.722, 6.761], "texture": "#0"},
				"up": {"uv": [13.7495, 6.125, 15.5995, 6.6745], "rotation": 90, "texture": "#0"},
				"down": {"uv": [15.7245, 6.4995, 13.875, 7.0495], "rotation": 90, "texture": "#0"}
			}
		},
		{
			"from": [7.50372, 6.30845, 19.41486],
			"to": [8.50372, 7.00845, 21.01486],
			"rotation": {"angle": 0, "axis": "x", "origin": [8.00372, 6.93345, 17.78986]},
			"faces": {
				"north": {"uv": [0, 0, 0.5, 0.325], "texture": "#0"},
				"east": {"uv": [15.798, 6.2495, 14.125, 6.6975], "texture": "#0"},
				"south": {"uv": [8.375, 9.6245, 8.8745, 9.9495], "texture": "#0"},
				"west": {"uv": [14.125, 6.2495, 15.798, 6.6975], "texture": "#0"},
				"up": {"uv": [0, 0, 0.5, 0.8], "texture": "#0"},
				"down": {"uv": [0, 0, 0.5, 0.8], "texture": "#0"}
			}
		},
		{
			"from": [7.40372, 7.60845, 8.26486],
			"to": [8.60372, 8.75845, 14.91486],
			"rotation": {"angle": 0, "axis": "y", "origin": [15.50372, 15.50845, 21.03986]},
			"faces": {
				"north": {"uv": [0.5, 13.875, 2.3495, 15.5745], "texture": "#0"},
				"east": {"uv": [11.9475, 2.25, 0.375, 4.198], "texture": "#0"},
				"south": {"uv": [0.5, 13.875, 2.2245, 15.5745], "texture": "#0"},
				"west": {"uv": [0.375, 2.25, 11.9475, 4.198], "texture": "#0"},
				"up": {"uv": [0.5, 13.75, 12.072, 15.6975], "rotation": 90, "texture": "#0"},
				"down": {"uv": [0.375, 13.75, 11.947, 15.6975], "rotation": 90, "texture": "#0"}
			}
		},
		{
			"from": [7.50372, 7.50845, 8.13986],
			"to": [8.50372, 8.85845, 14.88986],
			"rotation": {"angle": 0, "axis": "y", "origin": [15.50372, 15.50845, 21.03986]},
			"faces": {
				"north": {"uv": [0.5, 13.875, 2.3495, 15.5745], "texture": "#0"},
				"east": {"uv": [11.9475, 2.25, 0.375, 4.198], "texture": "#0"},
				"south": {"uv": [0.5, 13.875, 2.2245, 15.5745], "texture": "#0"},
				"west": {"uv": [0.375, 2.25, 11.9475, 4.198], "texture": "#0"},
				"up": {"uv": [0.5, 13.75, 12.072, 15.6975], "rotation": 90, "texture": "#0"},
				"down": {"uv": [0.375, 13.75, 11.947, 15.6975], "rotation": 90, "texture": "#0"}
			}
		},
		{
			"from": [7.50372, 7.50845, 6.86486],
			"to": [8.50372, 8.63345, 8.13986],
			"rotation": {"angle": 0, "axis": "y", "origin": [15.50372, 15.50845, 14.13986]},
			"faces": {
				"north": {"uv": [2.875, 7.5, 4.2745, 8.8745], "rotation": 270, "texture": "#0"},
				"east": {"uv": [5.625, 7.5, 7.0245, 8.874], "rotation": 180, "texture": "#0"},
				"south": {"uv": [2.875, 7.5, 4.2745, 8.8745], "rotation": 270, "texture": "#0"},
				"west": {"uv": [5.625, 7.5, 7.0245, 8.874], "texture": "#0"},
				"up": {"uv": [2.875, 7.5, 4.2745, 8.8745], "rotation": 270, "texture": "#0"},
				"down": {"uv": [2.875, 7.5, 4.2745, 8.8745], "rotation": 270, "texture": "#0"}
			}
		},
		{
			"from": [7.52872, 7.55845, 3.96486],
			"to": [8.47872, 8.60845, 7.08986],
			"rotation": {"angle": 0, "axis": "y", "origin": [15.50372, 15.50845, 13.08986]},
			"faces": {
				"north": {"uv": [6.8735, 8.25, 6.9985, 8.3995], "texture": "#0"},
				"east": {"uv": [0.875, 7.375, 6.775, 8.874], "rotation": 180, "texture": "#0"},
				"south": {"uv": [5.25, 1.375, 8.8745, 1.7495], "texture": "#0"},
				"west": {"uv": [0.875, 7.375, 6.774, 8.874], "texture": "#0"},
				"up": {"uv": [0.875, 7.375, 7.15, 8.874], "rotation": 90, "texture": "#0"},
				"down": {"uv": [0.875, 7.625, 7.1495, 8.7485], "rotation": 270, "texture": "#0"}
			}
		},
		{
			"from": [7.45372, 7.65845, 3.98986],
			"to": [8.55372, 8.45845, 8.13986],
			"rotation": {"angle": 0, "axis": "y", "origin": [15.50372, 15.50845, 13.08986]},
			"faces": {
				"north": {"uv": [6.75, 8, 7.15, 8.4985], "texture": "#0"},
				"east": {"uv": [0.8745, 7.375, 7.1495, 8.873], "rotation": 180, "texture": "#0"},
				"south": {"uv": [0.875, 7.375, 7.15, 8.999], "texture": "#0"},
				"west": {"uv": [0.875, 7.375, 7.15, 8.874], "texture": "#0"},
				"up": {"uv": [7.1495, 7.625, 0.875, 8.7485], "rotation": 270, "texture": "#0"},
				"down": {"uv": [0.875, 7.625, 7.1495, 8.7485], "rotation": 270, "texture": "#0"}
			}
		},
		{
			"from": [7.92872, 7.70845, -1.56014],
			"to": [8.05372, 7.83345, 3.76486],
			"rotation": {"angle": 0, "axis": "y", "origin": [15.47872, 14.90845, 9.76486]},
			"faces": {
				"north": {"uv": [9.625, 12.4995, 10.112, 12.9865], "texture": "#0"},
				"east": {"uv": [9.1245, 12.875, 15.9095, 13.2355], "texture": "#0"},
				"south": {"uv": [9.1245, 12.875, 15.9095, 13.2355], "texture": "#0"},
				"west": {"uv": [9.1245, 12.875, 15.9095, 13.2355], "texture": "#0"},
				"up": {"uv": [9.125, 12.5, 15.91, 12.8605], "rotation": 90, "texture": "#0"},
				"down": {"uv": [9.1245, 12.875, 15.9095, 13.2355], "texture": "#0"}
			}
		},
		{
			"from": [7.75372, 7.95845, -2.06014],
			"to": [8.22872, 8.43345, 3.76486],
			"rotation": {"angle": 0, "axis": "y", "origin": [15.47872, 15.50845, 9.76486]},
			"faces": {
				"north": {"uv": [9.875, 11.75, 10.362, 12.237], "texture": "#0"},
				"east": {"uv": [9.1245, 12.875, 15.9095, 13.2355], "texture": "#0"},
				"south": {"uv": [9.1245, 12.875, 15.9095, 13.2355], "texture": "#0"},
				"west": {"uv": [9.1245, 12.875, 15.9095, 13.2355], "texture": "#0"},
				"up": {"uv": [9.125, 12.5, 15.91, 12.8605], "rotation": 90, "texture": "#0"},
				"down": {"uv": [9.1245, 12.875, 15.9095, 13.2355], "texture": "#0"}
			}
		},
		{
			"from": [7.90372, 7.68345, 0.93986],
			"to": [8.07872, 7.95845, 1.91486],
			"rotation": {"angle": 0, "axis": "y", "origin": [15.47872, 15.50845, 9.76486]},
			"faces": {
				"north": {"uv": [9.625, 12.6245, 10.1115, 13.1115], "texture": "#0"},
				"east": {"uv": [10.2835, 12.875, 9.1245, 13.235], "texture": "#0"},
				"south": {"uv": [9.75, 12.6245, 9.962, 13.012], "texture": "#0"},
				"west": {"uv": [9.1245, 12.875, 10.2835, 13.235], "texture": "#0"},
				"up": {"uv": [9.125, 12.5, 15.91, 12.8605], "rotation": 90, "texture": "#0"},
				"down": {"uv": [9.1245, 12.875, 10.2835, 13.235], "rotation": 90, "texture": "#0"}
			}
		},
		{
			"from": [7.82872, 8.68345, 1.71486],
			"to": [8.15372, 9.05845, 3.76486],
			"rotation": {"angle": 0, "axis": "y", "origin": [15.47872, 16.13345, 9.76486]},
			"faces": {
				"north": {"uv": [3.75, 5.25, 6.775, 5.6875], "texture": "#0"},
				"east": {"uv": [6.775, 5.25, 3.75, 5.6875], "texture": "#0"},
				"south": {"uv": [3.75, 5.25, 6.775, 5.6875], "texture": "#0"},
				"west": {"uv": [3.75, 5.25, 6.775, 5.6875], "texture": "#0"},
				"up": {"uv": [3.75, 4.625, 6.775, 5.0625], "rotation": 90, "texture": "#0"},
				"down": {"uv": [3.75, 4.625, 6.775, 5.0625], "rotation": 90, "texture": "#0"}
			}
		},
		{
			"from": [7.85372, 8.70845, 0.81486],
			"to": [8.12872, 9.08345, 1.86486],
			"rotation": {"angle": -45, "axis": "x", "origin": [7.99122, 8.89595, 1.83986]},
			"faces": {
				"north": {"uv": [3.75, 5.25, 6.775, 5.6875], "texture": "#0"},
				"east": {"uv": [6.775, 5.25, 3.75, 5.6875], "texture": "#0"},
				"south": {"uv": [3.75, 5.25, 6.775, 5.6875], "texture": "#0"},
				"west": {"uv": [3.75, 5.25, 6.775, 5.6875], "texture": "#0"},
				"up": {"uv": [3.75, 4.625, 6.775, 5.0625], "rotation": 90, "texture": "#0"},
				"down": {"uv": [3.75, 4.625, 6.775, 5.0625], "rotation": 90, "texture": "#0"}
			}
		},
		{
			"from": [7.85372, 7.68345, -1.33514],
			"to": [8.12872, 7.95845, -0.93514],
			"rotation": {"angle": 0, "axis": "x", "origin": [7.97872, 7.97095, -0.51014]},
			"faces": {
				"north": {"uv": [0, 0, 0.1375, 0.1375], "rotation": 180, "texture": "#0"},
				"east": {"uv": [0, 0, 0.2, 0.1375], "rotation": 180, "texture": "#0"},
				"south": {"uv": [0, 0, 0.1375, 0.1375], "rotation": 180, "texture": "#0"},
				"west": {"uv": [0, 0, 0.2, 0.1375], "rotation": 180, "texture": "#0"},
				"up": {"uv": [0, 0, 0.1375, 0.2], "texture": "#0"},
				"down": {"uv": [0, 0, 0.1375, 0.2], "texture": "#0"}
			}
		},
		{
			"from": [7.77872, 8.72095, -1.67264],
			"to": [8.20372, 9.04595, -1.34764],
			"rotation": {"angle": 0, "axis": "x", "origin": [7.97872, 9.29595, -1.43514]},
			"faces": {
				"north": {"uv": [14, 12.5, 14.7115, 13.036], "rotation": 180, "texture": "#0"},
				"east": {"uv": [9.5375, 12.875, 9.25, 13.162], "rotation": 90, "texture": "#0"},
				"south": {"uv": [9.5, 12.75, 9.712, 12.9125], "texture": "#0"},
				"west": {"uv": [9.25, 12.875, 9.5375, 13.162], "rotation": 90, "texture": "#0"},
				"up": {"uv": [9.375, 12.875, 9.587, 13.0375], "rotation": 180, "texture": "#0"},
				"down": {"uv": [9.25, 12.875, 9.462, 13.0375], "texture": "#0"}
			}
		},
		{
			"from": [7.80372, 8.37095, -1.64764],
			"to": [7.87872, 9.27095, -1.37264],
			"rotation": {"angle": 0, "axis": "x", "origin": [7.97872, 9.29595, -1.43514]},
			"faces": {
				"north": {"uv": [9.25, 13, 10.949, 13.1365], "rotation": 90, "texture": "#0"},
				"east": {"uv": [9.25, 13.137, 10.9495, 12.625], "rotation": 90, "texture": "#0"},
				"south": {"uv": [9.25, 12.625, 10.949, 12.762], "rotation": 90, "texture": "#0"},
				"west": {"uv": [9.25, 12.625, 10.9495, 13.137], "rotation": 90, "texture": "#0"},
				"up": {"uv": [9.25, 12.625, 9.324, 13.137], "rotation": 180, "texture": "#0"},
				"down": {"uv": [9.25, 12.625, 10.9495, 13.137], "rotation": 90, "texture": "#0"}
			}
		},
		{
			"from": [7.80372, 7.97095, -1.47264],
			"to": [7.87872, 9.07095, -1.32264],
			"rotation": {"angle": -45, "axis": "x", "origin": [7.97872, 9.02095, -1.41014]},
			"faces": {
				"north": {"uv": [9.25, 13, 10.949, 13.1365], "rotation": 90, "texture": "#0"},
				"east": {"uv": [9.25, 12.875, 10.949, 13.1365], "rotation": 90, "texture": "#0"},
				"south": {"uv": [9.25, 12.875, 10.949, 13.0115], "rotation": 90, "texture": "#0"},
				"west": {"uv": [9.25, 12.875, 10.949, 13.1365], "rotation": 90, "texture": "#0"},
				"up": {"uv": [9.25, 12.625, 9.324, 13.137], "rotation": 180, "texture": "#0"},
				"down": {"uv": [9.25, 12.625, 10.9495, 13.137], "rotation": 90, "texture": "#0"}
			}
		},
		{
			"from": [8.10372, 7.97095, -1.47264],
			"to": [8.17872, 9.07095, -1.32264],
			"rotation": {"angle": -45, "axis": "x", "origin": [8.27872, 9.02095, -1.41014]},
			"faces": {
				"north": {"uv": [9.25, 13, 10.949, 13.1365], "rotation": 90, "texture": "#0"},
				"east": {"uv": [9.25, 12.875, 10.949, 13.1365], "rotation": 90, "texture": "#0"},
				"south": {"uv": [9.375, 13, 11.0735, 13.1365], "rotation": 90, "texture": "#0"},
				"west": {"uv": [9.25, 12.875, 10.949, 13.1365], "rotation": 90, "texture": "#0"},
				"up": {"uv": [9.25, 12.625, 9.324, 13.137], "rotation": 180, "texture": "#0"},
				"down": {"uv": [9.25, 12.625, 10.9495, 13.137], "rotation": 90, "texture": "#0"}
			}
		},
		{
			"from": [8.10372, 8.37095, -1.64764],
			"to": [8.17872, 9.27095, -1.37264],
			"rotation": {"angle": 0, "axis": "x", "origin": [8.27872, 9.29595, -1.43514]},
			"faces": {
				"north": {"uv": [9.25, 13, 10.949, 13.1365], "rotation": 90, "texture": "#0"},
				"east": {"uv": [9.25, 13.137, 10.9495, 12.625], "rotation": 90, "texture": "#0"},
				"south": {"uv": [9.25, 12.625, 10.949, 12.762], "rotation": 90, "texture": "#0"},
				"west": {"uv": [9.25, 12.625, 10.9495, 13.137], "rotation": 90, "texture": "#0"},
				"up": {"uv": [9.25, 12.625, 9.324, 13.137], "rotation": 180, "texture": "#0"},
				"down": {"uv": [9.25, 12.625, 10.9495, 13.137], "rotation": 90, "texture": "#0"}
			}
		},
		{
			"from": [7.70372, 7.63345, 3.76486],
			"to": [8.30372, 9.23345, 4.11486],
			"rotation": {"angle": 0, "axis": "y", "origin": [15.50372, 15.50845, 9.93986]},
			"faces": {
				"north": {"uv": [7.625, 9.75, 7.925, 10.55], "texture": "#0"},
				"east": {"uv": [8.875, 9, 9.05, 9.8], "texture": "#0"},
				"south": {"uv": [0, 0, 0.3, 0.8], "texture": "#0"},
				"west": {"uv": [9.125, 8.5, 9.3, 9.3], "texture": "#0"},
				"up": {"uv": [8.375, 9.25, 8.6745, 9.425], "texture": "#0"},
				"down": {"uv": [8.625, 8.875, 8.9245, 9.05], "texture": "#0"}
			}
		},
		{
			"from": [7.57872, 8.65845, 4.06486],
			"to": [8.42872, 9.38345, 6.96486],
			"rotation": {"angle": 0, "axis": "y", "origin": [15.50372, 16.58345, 13.08986]},
			"faces": {
				"north": {"uv": [5.5, 9.75, 5.8, 9.9875], "texture": "#0"},
				"east": {"uv": [5.7, 9.375, 1.75, 10.362], "texture": "#0"},
				"south": {"uv": [1.75, 9.375, 5.7, 10.362], "texture": "#0"},
				"west": {"uv": [1.75, 9.375, 5.7, 10.362], "texture": "#0"},
				"up": {"uv": [1.75, 9.375, 5.7, 10.362], "rotation": 90, "texture": "#0"},
				"down": {"uv": [1.75, 9.375, 5.7, 10.362], "texture": "#0"}
			}
		},
		{
			"from": [7.55372, 8.60845, 6.96486],
			"to": [8.45372, 9.50845, 8.58986],
			"rotation": {"angle": 0, "axis": "y", "origin": [15.50372, 16.58345, 14.71486]},
			"faces": {
				"north": {"uv": [12.875, 1, 13.325, 1.45], "texture": "#0"},
				"east": {"uv": [15.812, 2.25, 12.5, 4.0745], "texture": "#0"},
				"south": {"uv": [0.625, 13.875, 1.4495, 14.6995], "texture": "#0"},
				"west": {"uv": [12.5, 2.25, 15.812, 4.0745], "texture": "#0"},
				"up": {"uv": [12.625, 2.375, 14.3125, 3.325], "rotation": 90, "texture": "#0"},
				"down": {"uv": [0, 0, 0.45, 0.8125], "texture": "#0"}
			}
		},
		{
			"from": [7.90372, 9.53345, 7.06486],
			"to": [8.10372, 9.60845, 8.78986],
			"rotation": {"angle": 0, "axis": "y", "origin": [15.50372, 17.43345, 14.71486]},
			"faces": {
				"north": {"uv": [12.875, 0.875, 14.487, 1.1], "rotation": 90, "texture": "#0"},
				"east": {"uv": [12.875, 0.875, 14.487, 1.1], "rotation": 90, "texture": "#0"},
				"south": {"uv": [12.875, 0.875, 14.487, 1.1], "rotation": 90, "texture": "#0"},
				"west": {"uv": [12.875, 0.875, 14.487, 1.1], "rotation": 90, "texture": "#0"},
				"up": {"uv": [12.875, 0.875, 14.487, 1.1], "rotation": 90, "texture": "#0"},
				"down": {"uv": [12.875, 0.875, 14.487, 1.1], "rotation": 90, "texture": "#0"}
			}
		},
		{
			"from": [7.62872, 9.28345, 8.58986],
			"to": [7.77872, 9.48345, 14.36486],
			"rotation": {"angle": 0, "axis": "y", "origin": [15.22872, 17.43345, 16.23986]},
			"faces": {
				"north": {"uv": [2.625, 1.25, 5.5125, 1.3495], "texture": "#0"},
				"east": {"uv": [2.625, 1.25, 5.5125, 1.3495], "texture": "#0"},
				"south": {"uv": [2.625, 1.25, 5.5125, 1.3495], "texture": "#0"},
				"west": {"uv": [1.75, 1.5, 10.0115, 1.723], "texture": "#0"},
				"up": {"uv": [2.625, 1.25, 5.5125, 1.3495], "rotation": 90, "texture": "#0"},
				"down": {"uv": [2.625, 1.25, 5.5125, 1.3495], "texture": "#0"}
			}
		},
		{
			"from": [8.22872, 9.28345, 8.58986],
			"to": [8.37872, 9.48345, 14.36486],
			"rotation": {"angle": 0, "axis": "y", "origin": [15.82872, 17.43345, 16.23986]},
			"faces": {
				"north": {"uv": [2.625, 1.25, 5.5125, 1.3495], "texture": "#0"},
				"east": {"uv": [2.625, 1.25, 5.5125, 1.3495], "texture": "#0"},
				"south": {"uv": [2.625, 1.25, 5.5125, 1.3495], "texture": "#0"},
				"west": {"uv": [2.625, 1.25, 5.5125, 1.3495], "texture": "#0"},
				"up": {"uv": [2.625, 1.25, 5.5125, 1.3495], "rotation": 90, "texture": "#0"},
				"down": {"uv": [2.625, 1.25, 5.5125, 1.3495], "texture": "#0"}
			}
		},
		{
			"from": [7.50372, 8.85845, 8.58986],
			"to": [8.50372, 9.28345, 14.56486],
			"rotation": {"angle": 0, "axis": "y", "origin": [15.50372, 16.85845, 20.66486]},
			"faces": {
				"north": {"uv": [1.5, 1.625, 11.1115, 2.337], "texture": "#0"},
				"east": {"uv": [11.1115, 1.625, 1.5, 2.337], "texture": "#0"},
				"south": {"uv": [2.125, 1.5, 2.373, 1.9605], "rotation": 90, "texture": "#0"},
				"west": {"uv": [1.5, 1.625, 11.1115, 2.337], "texture": "#0"},
				"up": {"uv": [1.5, 1.25, 11.111, 1.7095], "rotation": 90, "texture": "#0"},
				"down": {"uv": [1.5, 1.625, 11.1115, 2.337], "texture": "#0"}
			}
		}
	],
	"display": {
		"thirdperson_righthand": {
			"rotation": [-6.75, 0, 0],
			"translation": [0, 0.75, -4]
		},
		"thirdperson_lefthand": {
			"rotation": [-6.75, 0, 0],
			"translation": [0, 0.75, -4]
		},
		"firstperson_righthand": {
			"translation": [-3, 3.75, 0.5]
		},
		"firstperson_lefthand": {
			"translation": [-3, 3.75, 0.5]
		},
		"gui": {
			"rotation": [-29, 143, 15],
			"translation": [-1.5, 1.5, 0],
			"scale": [1.28, 1.28, 1.28]
		},
		"fixed": {
			"rotation": [90, 0, 90],
			"translation": [0, 1.25, -2],
			"scale": [1.5, 1.5, 1.5]
		}
	}
}