{
	"credit": "Made with Blockbench",
	"textures": {
		"0": "block/birch_trapdoor",
		"1": "block/birch_door_bottom",
		"2": "block/birch_paper",
		"particle": "block/birch_trapdoor"
	},
	"elements": [
		{
			"from": [0, 13, 13],
			"to": [16, 16, 16],
			"rotation": {"angle": 0, "axis": "x", "origin": [8, -2, 22.5]},
			"faces": {
				"north": {"uv": [0, 0, 16, 3], "texture": "#0"},
				"east": {"uv": [13, 13, 16, 16], "rotation": 270, "texture": "#1"},
				"south": {"uv": [0, 0, 16, 3], "texture": "#0"},
				"west": {"uv": [0, 13, 3, 16], "rotation": 90, "texture": "#1"},
				"up": {"uv": [0, 13, 16, 16], "rotation": 180, "texture": "#1"},
				"down": {"uv": [0, 0, 16, 3], "texture": "#0"}
			}
		},
		{
			"from": [0, 0, 13],
			"to": [16, 3, 16],
			"rotation": {"angle": 0, "axis": "x", "origin": [8, -2, 22.5]},
			"faces": {
				"north": {"uv": [0, 0, 16, 3], "rotation": 180, "texture": "#0"},
				"east": {"uv": [0, 13, 3, 16], "rotation": 270, "texture": "#1"},
				"south": {"uv": [0, 0, 16, 3], "rotation": 180, "texture": "#0"},
				"west": {"uv": [13, 13, 16, 16], "rotation": 90, "texture": "#1"},
				"up": {"uv": [0, 0, 16, 3], "rotation": 180, "texture": "#0"},
				"down": {"uv": [0, 13, 16, 16], "texture": "#1"}
			}
		},
		{
			"from": [3, 3, 14.5],
			"to": [13, 13, 14.5],
			"rotation": {"angle": 0, "axis": "x", "origin": [8, -2, 22.5]},
			"faces": {
				"north": {"uv": [3, 3, 13, 13], "texture": "#2"},
				"south": {"uv": [3, 3, 13, 13], "rotation": 180, "texture": "#2"}
			}
		},
		{
			"from": [13, 3, 13],
			"to": [16, 13, 16],
			"rotation": {"angle": 0, "axis": "x", "origin": [8, -2, 22.5]},
			"faces": {
				"north": {"uv": [13, 3, 16, 13], "texture": "#0"},
				"east": {"uv": [2, 13, 13, 16], "rotation": 270, "texture": "#1"},
				"south": {"uv": [13, 3, 16, 13], "texture": "#0"},
				"west": {"uv": [2, 0, 12, 3], "rotation": 90, "texture": "#0"}
			}
		},
		{
			"from": [0, 3, 13],
			"to": [3, 13, 16],
			"rotation": {"angle": 0, "axis": "x", "origin": [8, -2, 22.5]},
			"faces": {
				"north": {"uv": [13, 3, 16, 13], "texture": "#0"},
				"east": {"uv": [2, 0, 12, 3], "rotation": 270, "texture": "#0"},
				"south": {"uv": [13, 3, 16, 13], "texture": "#0"},
				"west": {"uv": [2, 13, 13, 16], "rotation": 90, "texture": "#1"}
			}
		},
		{
			"from": [10, 14, 15.75],
			"to": [10, 15, 16.75],
			"rotation": {"angle": 0, "axis": "x", "origin": [8, -2, 22.5]},
			"faces": {
				"east": {"uv": [6, 14, 7, 15], "rotation": 270, "texture": "#0"},
				"west": {"uv": [6, 14, 7, 15], "rotation": 90, "texture": "#0"}
			}
		},
		{
			"from": [6, 14, 15.75],
			"to": [6, 15, 16.75],
			"rotation": {"angle": 0, "axis": "x", "origin": [8, -2, 22.5]},
			"faces": {
				"east": {"uv": [9, 14, 10, 15], "rotation": 270, "texture": "#0"},
				"west": {"uv": [9, 14, 10, 15], "rotation": 90, "texture": "#0"}
			}
		},
		{
			"from": [6, 14, 16.75],
			"to": [10, 15, 16.75],
			"rotation": {"angle": 0, "axis": "x", "origin": [8, -2, 22.5]},
			"faces": {
				"north": {"uv": [6, 14, 10, 15], "texture": "#0"},
				"south": {"uv": [6, 14, 10, 15], "rotation": 180, "texture": "#0"}
			}
		}
	]
}