{
	"credit": "Made with Blockbench",
	"textures": {
		"0": "block/birch_door_bottom",
		"particle": "block/birch_door_bottom"
	},
	"elements": [
		{
			"from": [0, 0, 0],
			"to": [3, 12, 16],
			"rotation": {"angle": 0, "axis": "y", "origin": [8, -5, 8]},
			"faces": {
				"north": {"uv": [13, 12.25, 16, 15.25], "texture": "#0"},
				"east": {"uv": [0, 4, 16, 16], "texture": "#0"},
				"south": {"uv": [13, 0, 16, 3], "texture": "#0"},
				"west": {"uv": [16, 4, 0, 16], "texture": "#0"},
				"up": {"uv": [0, 5, 16, 8], "rotation": 90, "texture": "#0"},
				"down": {"uv": [0, 6.25, 16, 9.25], "rotation": 90, "texture": "#0"}
			}
		},
		{
			"from": [1.5, 12, 3],
			"to": [1.5, 16, 13],
			"rotation": {"angle": 0, "axis": "y", "origin": [8, -5, 8]},
			"faces": {
				"east": {"uv": [3, 0, 13, 4], "rotation": 180, "texture": "#0"},
				"west": {"uv": [13, 0, 3, 4], "rotation": 180, "texture": "#0"}
			}
		},
		{
			"from": [0, 12, 0],
			"to": [3, 16, 3],
			"rotation": {"angle": 0, "axis": "y", "origin": [8, -5, 8]},
			"faces": {
				"north": {"uv": [13, 0, 16, 4], "texture": "#0"},
				"east": {"uv": [13, 4, 16, 0], "texture": "#0"},
				"south": {"uv": [11, 5, 15, 8], "rotation": 270, "texture": "#0"},
				"west": {"uv": [13, 4, 16, 0], "rotation": 180, "texture": "#0"}
			}
		},
		{
			"from": [0, 12, 13],
			"to": [3, 16, 16],
			"rotation": {"angle": 0, "axis": "y", "origin": [8, -5, 8]},
			"faces": {
				"north": {"uv": [1, 5, 5, 8], "rotation": 270, "texture": "#0"},
				"east": {"uv": [0, 0, 3, 4], "texture": "#0"},
				"south": {"uv": [13, 0, 16, 3], "texture": "#0"},
				"west": {"uv": [0, 4, 3, 0], "rotation": 180, "texture": "#0"}
			}
		}
	]
}