{
	"credit": "Made with Blockbench",
	"parent": "minecraft:block/cube",
	"textures": {
		"5": "item/stick",
		"6": "item/feather",
		"particle": "block/fletching_table_front",
		"north": "block/fletching_table_front",
		"east": "block/fletching_table_side",
		"up": "block/fletching_table_top",
		"down": "block/birch_planks"
	},
	"elements": [
		{
			"from": [0, 0, 0],
			"to": [16, 16, 16],
			"faces": {
				"north": {"uv": [0, 0, 16, 16], "texture": "#north"},
				"east": {"uv": [0, 0, 16, 16], "texture": "#east"},
				"south": {"uv": [0, 0, 16, 16], "texture": "#north"},
				"west": {"uv": [0, 0, 16, 16], "texture": "#east"},
				"up": {"uv": [0, 0, 16, 16], "texture": "#up"},
				"down": {"uv": [0, 0, 16, 16], "texture": "#down"}
			}
		},
		{
			"from": [-0.5, 8, -0.5],
			"to": [16.5, 9, -0.5],
			"faces": {
				"north": {"uv": [0, 7, 16, 8], "texture": "#north"},
				"south": {"uv": [0, 7, 16, 8], "texture": "#north"}
			}
		},
		{
			"from": [16.5, 8, -0.5],
			"to": [16.5, 9, 16.5],
			"faces": {
				"east": {"uv": [0, 7, 16, 8], "texture": "#north"},
				"west": {"uv": [0, 7, 16, 8], "texture": "#north"}
			}
		},
		{
			"from": [-0.5, 8, 16.5],
			"to": [16.5, 9, 16.5],
			"faces": {
				"north": {"uv": [0, 7, 16, 8], "texture": "#north"},
				"south": {"uv": [0, 7, 16, 8], "texture": "#north"}
			}
		},
		{
			"from": [-0.5, 8, -0.5],
			"to": [-0.5, 9, 16.5],
			"faces": {
				"east": {"uv": [0, 7, 16, 8], "texture": "#north"},
				"west": {"uv": [0, 7, 16, 8], "texture": "#north"}
			}
		},
		{
			"from": [16, 4, 7],
			"to": [17, 12, 13],
			"rotation": {"angle": 0, "axis": "y", "origin": [9, 8, 8]},
			"faces": {
				"north": {"uv": [3, 4, 9, 12], "texture": "#east"},
				"east": {"uv": [3, 4, 9, 12], "texture": "#east"},
				"south": {"uv": [3, 4, 9, 12], "texture": "#east"},
				"up": {"uv": [3, 4, 9, 5], "rotation": 90, "texture": "#east"},
				"down": {"uv": [3, 11, 9, 12], "rotation": 90, "texture": "#east"}
			}
		},
		{
			"from": [-1, 4, 3],
			"to": [0, 12, 9],
			"rotation": {"angle": 0, "axis": "y", "origin": [-8, 8, 4]},
			"faces": {
				"north": {"uv": [3, 4, 9, 12], "texture": "#east"},
				"south": {"uv": [3, 4, 9, 12], "texture": "#east"},
				"west": {"uv": [3, 4, 9, 12], "texture": "#east"},
				"up": {"uv": [3, 4, 9, 5], "rotation": 90, "texture": "#east"},
				"down": {"uv": [3, 11, 9, 12], "texture": "#east"}
			}
		},
		{
			"from": [16, 5, 13],
			"to": [17, 11, 14],
			"rotation": {"angle": 0, "axis": "y", "origin": [9, 8, 9]},
			"faces": {
				"east": {"uv": [2, 5, 3, 11], "texture": "#east"},
				"south": {"uv": [2, 5, 3, 11], "texture": "#east"},
				"up": {"uv": [2, 5, 3, 6], "texture": "#east"},
				"down": {"uv": [2, 10, 3, 11], "texture": "#east"}
			}
		},
		{
			"from": [-1, 5, 9],
			"to": [0, 11, 10],
			"rotation": {"angle": 0, "axis": "y", "origin": [-8, 8, 5]},
			"faces": {
				"south": {"uv": [2, 5, 3, 11], "texture": "#east"},
				"west": {"uv": [2, 5, 3, 11], "texture": "#east"},
				"up": {"uv": [2, 5, 3, 6], "texture": "#east"},
				"down": {"uv": [2, 10, 3, 11], "texture": "#east"}
			}
		},
		{
			"from": [16, 5, 6],
			"to": [17, 11, 7],
			"rotation": {"angle": 0, "axis": "y", "origin": [9, 8, 2]},
			"faces": {
				"north": {"uv": [9, 5, 10, 11], "texture": "#east"},
				"east": {"uv": [9, 5, 10, 11], "texture": "#east"},
				"up": {"uv": [9, 5, 10, 6], "texture": "#east"},
				"down": {"uv": [9, 10, 10, 11], "texture": "#east"}
			}
		},
		{
			"from": [16, 3, 3],
			"to": [17, 14, 4],
			"rotation": {"angle": 0, "axis": "y", "origin": [9, 8, -1]},
			"faces": {
				"north": {"uv": [12, 2, 13, 13], "texture": "#east"},
				"east": {"uv": [12, 2, 13, 13], "texture": "#east"},
				"south": {"uv": [12, 2, 13, 13], "texture": "#east"},
				"up": {"uv": [12, 2, 13, 3], "texture": "#east"},
				"down": {"uv": [12, 12, 13, 13], "texture": "#east"}
			}
		},
		{
			"from": [-1, 3, 12],
			"to": [0, 14, 13],
			"rotation": {"angle": 0, "axis": "y", "origin": [-8, 8, 8]},
			"faces": {
				"north": {"uv": [12, 2, 13, 13], "texture": "#east"},
				"south": {"uv": [12, 2, 13, 13], "texture": "#east"},
				"west": {"uv": [12, 2, 13, 13], "texture": "#east"},
				"up": {"uv": [12, 2, 13, 3], "texture": "#east"},
				"down": {"uv": [12, 12, 13, 13], "texture": "#east"}
			}
		},
		{
			"from": [11, 2, 16],
			"to": [12, 13, 17],
			"rotation": {"angle": 0, "axis": "z", "origin": [7, 8, 9]},
			"faces": {
				"east": {"uv": [11, 14, 12, 3], "rotation": 180, "texture": "#north"},
				"south": {"uv": [11, 14, 12, 3], "rotation": 180, "texture": "#north"},
				"west": {"uv": [11, 14, 12, 3], "rotation": 180, "texture": "#north"},
				"up": {"uv": [12, 12, 13, 13], "rotation": 90, "texture": "#east"},
				"down": {"uv": [12, 2, 13, 3], "rotation": 270, "texture": "#east"}
			}
		},
		{
			"from": [4, 2, -1],
			"to": [5, 13, 0],
			"rotation": {"angle": 0, "axis": "z", "origin": [0, 8, -8]},
			"faces": {
				"north": {"uv": [11, 14, 12, 3], "rotation": 180, "texture": "#north"},
				"east": {"uv": [11, 14, 12, 3], "rotation": 180, "texture": "#north"},
				"west": {"uv": [11, 14, 12, 3], "rotation": 180, "texture": "#north"},
				"up": {"uv": [12, 12, 13, 13], "rotation": 90, "texture": "#east"},
				"down": {"uv": [12, 2, 13, 3], "rotation": 270, "texture": "#east"}
			}
		},
		{
			"from": [13, 4, -1],
			"to": [14, 12, 0],
			"rotation": {"angle": 0, "axis": "z", "origin": [9, 8, -8]},
			"faces": {
				"north": {"uv": [2, 12, 3, 4], "rotation": 180, "texture": "#north"},
				"east": {"uv": [2, 12, 3, 4], "rotation": 180, "texture": "#north"},
				"west": {"uv": [2, 12, 3, 4], "rotation": 180, "texture": "#north"},
				"up": {"uv": [2, 5, 3, 4], "rotation": 180, "texture": "#north"},
				"down": {"uv": [2, 12, 3, 11], "rotation": 180, "texture": "#north"}
			}
		},
		{
			"from": [2, 4, 16],
			"to": [3, 12, 17],
			"rotation": {"angle": 0, "axis": "z", "origin": [7, 8, 9]},
			"faces": {
				"east": {"uv": [3, 12, 2, 4], "rotation": 180, "texture": "#north"},
				"south": {"uv": [3, 12, 2, 4], "rotation": 180, "texture": "#north"},
				"west": {"uv": [3, 12, 2, 4], "rotation": 180, "texture": "#north"},
				"up": {"uv": [3, 5, 2, 4], "rotation": 180, "texture": "#north"},
				"down": {"uv": [3, 12, 2, 11], "rotation": 180, "texture": "#north"}
			}
		},
		{
			"from": [12, 2, -1],
			"to": [13, 5, 0],
			"rotation": {"angle": 0, "axis": "z", "origin": [8, 6, -8]},
			"faces": {
				"north": {"uv": [3, 14, 4, 11], "rotation": 180, "texture": "#north"},
				"east": {"uv": [3, 14, 4, 11], "rotation": 180, "texture": "#north"},
				"west": {"uv": [3, 14, 4, 11], "rotation": 180, "texture": "#north"},
				"up": {"uv": [3, 12, 4, 11], "rotation": 180, "texture": "#north"},
				"down": {"uv": [3, 14, 4, 13], "rotation": 180, "texture": "#north"}
			}
		},
		{
			"from": [3, 2, 16],
			"to": [4, 5, 17],
			"rotation": {"angle": 0, "axis": "z", "origin": [8, 6, 9]},
			"faces": {
				"east": {"uv": [4, 14, 3, 11], "rotation": 180, "texture": "#north"},
				"south": {"uv": [4, 14, 3, 11], "rotation": 180, "texture": "#north"},
				"west": {"uv": [4, 14, 3, 11], "rotation": 180, "texture": "#north"},
				"up": {"uv": [4, 12, 3, 11], "rotation": 180, "texture": "#north"},
				"down": {"uv": [4, 14, 3, 13], "rotation": 180, "texture": "#north"}
			}
		},
		{
			"from": [12, 10, -1],
			"to": [13, 13, 0],
			"rotation": {"angle": 0, "axis": "z", "origin": [8, 14, -8]},
			"faces": {
				"north": {"uv": [3, 6, 4, 3], "rotation": 180, "texture": "#north"},
				"east": {"uv": [3, 6, 4, 3], "rotation": 180, "texture": "#north"},
				"west": {"uv": [3, 6, 4, 3], "rotation": 180, "texture": "#north"},
				"up": {"uv": [3, 4, 4, 3], "rotation": 180, "texture": "#north"},
				"down": {"uv": [3, 6, 4, 5], "rotation": 180, "texture": "#north"}
			}
		},
		{
			"from": [3, 10, 16],
			"to": [4, 13, 17],
			"rotation": {"angle": 0, "axis": "z", "origin": [8, 14, 9]},
			"faces": {
				"east": {"uv": [4, 6, 3, 3], "rotation": 180, "texture": "#north"},
				"south": {"uv": [4, 6, 3, 3], "rotation": 180, "texture": "#north"},
				"west": {"uv": [4, 6, 3, 3], "rotation": 180, "texture": "#north"},
				"up": {"uv": [4, 4, 3, 3], "rotation": 180, "texture": "#north"},
				"down": {"uv": [4, 6, 3, 5], "rotation": 180, "texture": "#north"}
			}
		},
		{
			"from": [11, 12, -1],
			"to": [12, 14, 0],
			"rotation": {"angle": 0, "axis": "z", "origin": [7, 15, -8]},
			"faces": {
				"north": {"uv": [4, 4, 5, 2], "rotation": 180, "texture": "#north"},
				"east": {"uv": [4, 4, 5, 2], "rotation": 180, "texture": "#north"},
				"up": {"uv": [4, 3, 5, 2], "rotation": 180, "texture": "#north"},
				"down": {"uv": [4, 4, 5, 3], "rotation": 180, "texture": "#north"}
			}
		},
		{
			"from": [4, 12, 16],
			"to": [5, 14, 17],
			"rotation": {"angle": 0, "axis": "z", "origin": [9, 15, 9]},
			"faces": {
				"south": {"uv": [5, 4, 4, 2], "rotation": 180, "texture": "#north"},
				"west": {"uv": [5, 4, 4, 2], "rotation": 180, "texture": "#north"},
				"up": {"uv": [5, 3, 4, 2], "rotation": 180, "texture": "#north"},
				"down": {"uv": [5, 4, 4, 3], "rotation": 180, "texture": "#north"}
			}
		},
		{
			"from": [11, 1, -1],
			"to": [12, 3, 0],
			"rotation": {"angle": 0, "axis": "z", "origin": [7, 4, -8]},
			"faces": {
				"north": {"uv": [4, 15, 5, 13], "rotation": 180, "texture": "#north"},
				"east": {"uv": [4, 15, 5, 13], "rotation": 180, "texture": "#north"},
				"up": {"uv": [4, 14, 5, 13], "rotation": 180, "texture": "#north"},
				"down": {"uv": [4, 15, 5, 14], "rotation": 180, "texture": "#north"}
			}
		},
		{
			"from": [4, 1, 16],
			"to": [5, 3, 17],
			"rotation": {"angle": 0, "axis": "z", "origin": [9, 4, 9]},
			"faces": {
				"south": {"uv": [5, 15, 4, 13], "rotation": 180, "texture": "#north"},
				"west": {"uv": [5, 15, 4, 13], "rotation": 180, "texture": "#north"},
				"up": {"uv": [5, 14, 4, 13], "rotation": 180, "texture": "#north"},
				"down": {"uv": [5, 15, 4, 14], "rotation": 180, "texture": "#north"}
			}
		},
		{
			"from": [10, 1, -1],
			"to": [11, 14, 0],
			"rotation": {"angle": 0, "axis": "z", "origin": [6, 8, -8]},
			"faces": {
				"north": {"uv": [5, 15, 6, 2], "rotation": 180, "texture": "#north"},
				"east": {"uv": [5, 15, 6, 2], "rotation": 180, "texture": "#north"},
				"west": {"uv": [5, 15, 6, 2], "rotation": 180, "texture": "#north"},
				"up": {"uv": [5, 3, 6, 2], "rotation": 180, "texture": "#north"},
				"down": {"uv": [5, 15, 6, 14], "rotation": 180, "texture": "#north"}
			}
		},
		{
			"from": [5, 1, 16],
			"to": [6, 14, 17],
			"rotation": {"angle": 0, "axis": "z", "origin": [10, 8, 9]},
			"faces": {
				"east": {"uv": [6, 15, 5, 2], "rotation": 180, "texture": "#north"},
				"south": {"uv": [6, 15, 5, 2], "rotation": 180, "texture": "#north"},
				"west": {"uv": [6, 15, 5, 2], "rotation": 180, "texture": "#north"},
				"up": {"uv": [6, 3, 5, 2], "rotation": 180, "texture": "#north"},
				"down": {"uv": [6, 15, 5, 14], "rotation": 180, "texture": "#north"}
			}
		},
		{
			"from": [16, 2, 4],
			"to": [17, 5, 5],
			"rotation": {"angle": 0, "axis": "y", "origin": [9, 7, 0]},
			"faces": {
				"north": {"uv": [11, 11, 12, 14], "texture": "#east"},
				"east": {"uv": [11, 11, 12, 14], "texture": "#east"},
				"south": {"uv": [11, 11, 12, 14], "texture": "#east"},
				"up": {"uv": [11, 11, 12, 12], "texture": "#east"},
				"down": {"uv": [11, 13, 12, 14], "texture": "#east"}
			}
		},
		{
			"from": [-1, 2, 13],
			"to": [0, 5, 14],
			"rotation": {"angle": 0, "axis": "y", "origin": [-8, 7, 9]},
			"faces": {
				"north": {"uv": [11, 11, 12, 14], "texture": "#east"},
				"south": {"uv": [11, 11, 12, 14], "texture": "#east"},
				"west": {"uv": [11, 11, 12, 14], "texture": "#east"},
				"up": {"uv": [11, 11, 12, 12], "texture": "#east"},
				"down": {"uv": [11, 13, 12, 14], "texture": "#east"}
			}
		},
		{
			"from": [12, 11, 16],
			"to": [13, 14, 17],
			"rotation": {"angle": 0, "axis": "z", "origin": [7, 8, 9]},
			"faces": {
				"east": {"uv": [10, 5, 11, 2], "rotation": 180, "texture": "#north"},
				"south": {"uv": [11, 11, 12, 14], "rotation": 180, "texture": "#east"},
				"west": {"uv": [10, 5, 11, 2], "rotation": 180, "texture": "#north"},
				"up": {"uv": [10, 3, 11, 2], "rotation": 180, "texture": "#north"},
				"down": {"uv": [10, 5, 11, 4], "rotation": 180, "texture": "#north"}
			}
		},
		{
			"from": [5, 11, -1],
			"to": [6, 14, 0],
			"rotation": {"angle": 0, "axis": "z", "origin": [0, 8, -8]},
			"faces": {
				"north": {"uv": [10, 5, 11, 2], "rotation": 180, "texture": "#north"},
				"east": {"uv": [10, 5, 11, 2], "rotation": 180, "texture": "#north"},
				"west": {"uv": [10, 5, 11, 2], "rotation": 180, "texture": "#north"},
				"up": {"uv": [10, 3, 11, 2], "rotation": 180, "texture": "#north"},
				"down": {"uv": [10, 5, 11, 4], "rotation": 180, "texture": "#north"}
			}
		},
		{
			"from": [16, 2, 2],
			"to": [17, 5, 3],
			"rotation": {"angle": 0, "axis": "y", "origin": [9, 7, -2]},
			"faces": {
				"north": {"uv": [13, 11, 14, 14], "texture": "#east"},
				"east": {"uv": [13, 11, 14, 14], "texture": "#east"},
				"south": {"uv": [13, 11, 14, 14], "texture": "#east"},
				"up": {"uv": [13, 11, 14, 12], "texture": "#east"},
				"down": {"uv": [13, 13, 14, 14], "texture": "#east"}
			}
		},
		{
			"from": [-1, 2, 11],
			"to": [0, 5, 12],
			"rotation": {"angle": 0, "axis": "y", "origin": [-8, 7, 7]},
			"faces": {
				"north": {"uv": [13, 11, 14, 14], "texture": "#east"},
				"south": {"uv": [13, 11, 14, 14], "texture": "#east"},
				"west": {"uv": [13, 11, 14, 14], "texture": "#east"},
				"up": {"uv": [13, 11, 14, 12], "texture": "#east"},
				"down": {"uv": [13, 13, 14, 14], "texture": "#east"}
			}
		},
		{
			"from": [10, 11, 16],
			"to": [11, 14, 17],
			"rotation": {"angle": 0, "axis": "z", "origin": [7, 8, 9]},
			"faces": {
				"east": {"uv": [12, 5, 13, 2], "rotation": 180, "texture": "#north"},
				"south": {"uv": [13, 11, 14, 14], "rotation": 180, "texture": "#east"},
				"west": {"uv": [12, 5, 13, 2], "rotation": 180, "texture": "#north"},
				"up": {"uv": [12, 3, 13, 2], "rotation": 180, "texture": "#north"},
				"down": {"uv": [12, 5, 13, 4], "rotation": 180, "texture": "#north"}
			}
		},
		{
			"from": [3, 11, -1],
			"to": [4, 14, 0],
			"rotation": {"angle": 0, "axis": "z", "origin": [0, 8, -8]},
			"faces": {
				"north": {"uv": [12, 5, 13, 2], "rotation": 180, "texture": "#north"},
				"east": {"uv": [12, 5, 13, 2], "rotation": 180, "texture": "#north"},
				"west": {"uv": [12, 5, 13, 2], "rotation": 180, "texture": "#north"},
				"up": {"uv": [12, 3, 13, 2], "rotation": 180, "texture": "#north"},
				"down": {"uv": [12, 5, 13, 4], "rotation": 180, "texture": "#north"}
			}
		},
		{
			"from": [16, 11, 2],
			"to": [17, 13, 3],
			"rotation": {"angle": 0, "axis": "y", "origin": [9, 15, -2]},
			"faces": {
				"north": {"uv": [13, 3, 14, 5], "texture": "#east"},
				"east": {"uv": [13, 3, 14, 5], "texture": "#east"},
				"up": {"uv": [13, 3, 14, 4], "texture": "#east"},
				"down": {"uv": [13, 4, 14, 5], "texture": "#east"}
			}
		},
		{
			"from": [-1, 11, 11],
			"to": [0, 13, 12],
			"rotation": {"angle": 0, "axis": "y", "origin": [-8, 15, 7]},
			"faces": {
				"north": {"uv": [13, 3, 14, 5], "texture": "#east"},
				"west": {"uv": [13, 3, 14, 5], "texture": "#east"},
				"up": {"uv": [13, 3, 14, 4], "texture": "#east"},
				"down": {"uv": [13, 4, 14, 5], "texture": "#east"}
			}
		},
		{
			"from": [10, 3, 16],
			"to": [11, 5, 17],
			"rotation": {"angle": 0, "axis": "z", "origin": [7, 8, 9]},
			"faces": {
				"south": {"uv": [13, 3, 14, 5], "rotation": 180, "texture": "#east"},
				"west": {"uv": [13, 3, 14, 5], "rotation": 180, "texture": "#east"},
				"up": {"uv": [13, 4, 14, 5], "rotation": 90, "texture": "#east"},
				"down": {"uv": [13, 3, 14, 4], "rotation": 270, "texture": "#east"}
			}
		},
		{
			"from": [3, 3, -1],
			"to": [4, 5, 0],
			"rotation": {"angle": 0, "axis": "z", "origin": [0, 8, -8]},
			"faces": {
				"north": {"uv": [13, 3, 14, 5], "rotation": 180, "texture": "#east"},
				"west": {"uv": [13, 3, 14, 5], "rotation": 180, "texture": "#east"},
				"up": {"uv": [13, 4, 14, 5], "rotation": 90, "texture": "#east"},
				"down": {"uv": [13, 3, 14, 4], "rotation": 270, "texture": "#east"}
			}
		},
		{
			"from": [16, 11, 4],
			"to": [17, 13, 5],
			"rotation": {"angle": 0, "axis": "y", "origin": [9, 15, 0]},
			"faces": {
				"east": {"uv": [13, 3, 14, 5], "texture": "#east"},
				"south": {"uv": [13, 3, 14, 5], "texture": "#east"},
				"up": {"uv": [13, 3, 14, 4], "texture": "#east"},
				"down": {"uv": [13, 4, 14, 5], "texture": "#east"}
			}
		},
		{
			"from": [-1, 11, 13],
			"to": [0, 13, 14],
			"rotation": {"angle": 0, "axis": "y", "origin": [-8, 15, 9]},
			"faces": {
				"south": {"uv": [13, 3, 14, 5], "texture": "#east"},
				"west": {"uv": [13, 3, 14, 5], "texture": "#east"},
				"up": {"uv": [13, 3, 14, 4], "texture": "#east"},
				"down": {"uv": [13, 4, 14, 5], "texture": "#east"}
			}
		},
		{
			"from": [12, 3, 16],
			"to": [13, 5, 17],
			"rotation": {"angle": 0, "axis": "z", "origin": [7, 8, 9]},
			"faces": {
				"east": {"uv": [13, 3, 14, 5], "rotation": 180, "texture": "#east"},
				"south": {"uv": [13, 3, 14, 5], "rotation": 180, "texture": "#east"},
				"up": {"uv": [13, 4, 14, 5], "rotation": 90, "texture": "#east"},
				"down": {"uv": [13, 3, 14, 4], "rotation": 270, "texture": "#east"}
			}
		},
		{
			"from": [5, 3, -1],
			"to": [6, 5, 0],
			"rotation": {"angle": 0, "axis": "z", "origin": [0, 8, -8]},
			"faces": {
				"north": {"uv": [13, 3, 14, 5], "rotation": 180, "texture": "#east"},
				"east": {"uv": [13, 3, 14, 5], "rotation": 180, "texture": "#east"},
				"up": {"uv": [13, 4, 14, 5], "rotation": 90, "texture": "#east"},
				"down": {"uv": [13, 3, 14, 4], "rotation": 270, "texture": "#east"}
			}
		},
		{
			"from": [-1, 5, 2],
			"to": [0, 11, 3],
			"rotation": {"angle": 0, "axis": "y", "origin": [-8, 8, -2]},
			"faces": {
				"north": {"uv": [9, 5, 10, 11], "texture": "#east"},
				"west": {"uv": [9, 5, 10, 11], "texture": "#east"},
				"up": {"uv": [9, 5, 10, 6], "texture": "#east"},
				"down": {"uv": [9, 10, 10, 11], "texture": "#east"}
			}
		},
		{
			"name": "stick_0",
			"from": [6.93636, 16.15, 4.67727],
			"to": [8.33636, 16.85, 6.07727],
			"rotation": {"angle": 22.5, "axis": "y", "origin": [4.45455, 16.5, 8.59091]},
			"faces": {
				"north": {"uv": [15, 2, 13, 3], "texture": "#5"},
				"east": {"uv": [14, 2, 15, 4], "rotation": 90, "texture": "#5"},
				"south": {"uv": [13, 3, 15, 4], "texture": "#5"},
				"west": {"uv": [13, 2, 14, 4], "rotation": 270, "texture": "#5"},
				"up": {"uv": [13, 2, 15, 4], "texture": "#5"},
				"down": {"uv": [13, 4, 15, 2], "texture": "#5"}
			}
		},
		{
			"name": "stick_1",
			"from": [0.11591, 17.425, 3.00909],
			"to": [1.51591, 18.125, 4.40909],
			"rotation": {"angle": 22.5, "axis": "z", "origin": [4.02955, 17.775, 6.89091]},
			"faces": {
				"north": {"uv": [14, 2, 15, 4], "rotation": 90, "texture": "#5"},
				"east": {"uv": [13, 3, 15, 4], "texture": "#5"},
				"south": {"uv": [13, 2, 14, 4], "rotation": 270, "texture": "#5"},
				"west": {"uv": [15, 2, 13, 3], "texture": "#5"},
				"up": {"uv": [13, 2, 15, 4], "rotation": 270, "texture": "#5"},
				"down": {"uv": [13, 4, 15, 2], "rotation": 90, "texture": "#5"}
			}
		},
		{
			"name": "stick_2",
			"from": [2.11591, 16.175, 4.23409],
			"to": [3.51591, 16.875, 5.63409],
			"rotation": {"angle": -22.5, "axis": "y", "origin": [6.02955, 16.525, 8.11591]},
			"faces": {
				"north": {"uv": [14, 2, 15, 4], "rotation": 90, "texture": "#5"},
				"east": {"uv": [13, 3, 15, 4], "texture": "#5"},
				"south": {"uv": [13, 2, 14, 4], "rotation": 270, "texture": "#5"},
				"west": {"uv": [15, 2, 13, 3], "texture": "#5"},
				"up": {"uv": [13, 2, 15, 4], "rotation": 270, "texture": "#5"},
				"down": {"uv": [13, 4, 15, 2], "rotation": 90, "texture": "#5"}
			}
		},
		{
			"name": "stick_1",
			"from": [6.23636, 16.15, 5.37727],
			"to": [6.93636, 16.85, 7.47727],
			"rotation": {"angle": 22.5, "axis": "y", "origin": [4.45455, 16.5, 8.59091]},
			"faces": {
				"north": {"uv": [13, 3, 12, 4], "texture": "#5"},
				"east": {"uv": [12, 3, 13, 6], "rotation": 90, "texture": "#5"},
				"south": {"uv": [12, 5, 13, 6], "texture": "#5"},
				"west": {"uv": [12, 3, 13, 6], "rotation": 270, "texture": "#5"},
				"up": {"uv": [12, 3, 13, 6], "texture": "#5"},
				"down": {"uv": [12, 6, 13, 3], "texture": "#5"}
			}
		},
		{
			"name": "stick_2",
			"from": [0.81591, 17.425, 4.40909],
			"to": [2.91591, 18.125, 5.10909],
			"rotation": {"angle": 22.5, "axis": "z", "origin": [4.02955, 17.775, 6.89091]},
			"faces": {
				"north": {"uv": [12, 3, 13, 6], "rotation": 90, "texture": "#5"},
				"east": {"uv": [12, 5, 13, 6], "texture": "#5"},
				"south": {"uv": [12, 3, 13, 6], "rotation": 270, "texture": "#5"},
				"west": {"uv": [13, 3, 12, 4], "texture": "#5"},
				"up": {"uv": [12, 3, 13, 6], "rotation": 270, "texture": "#5"},
				"down": {"uv": [12, 6, 13, 3], "rotation": 90, "texture": "#5"}
			}
		},
		{
			"name": "stick_3",
			"from": [2.81591, 16.175, 5.63409],
			"to": [4.91591, 16.875, 6.33409],
			"rotation": {"angle": -22.5, "axis": "y", "origin": [6.02955, 16.525, 8.11591]},
			"faces": {
				"north": {"uv": [12, 3, 13, 6], "rotation": 90, "texture": "#5"},
				"east": {"uv": [12, 5, 13, 6], "texture": "#5"},
				"south": {"uv": [12, 3, 13, 6], "rotation": 270, "texture": "#5"},
				"west": {"uv": [13, 3, 12, 4], "texture": "#5"},
				"up": {"uv": [12, 3, 13, 6], "rotation": 270, "texture": "#5"},
				"down": {"uv": [12, 6, 13, 3], "rotation": 90, "texture": "#5"}
			}
		},
		{
			"name": "stick_3",
			"from": [6.93636, 16.15, 6.07727],
			"to": [7.63636, 16.85, 6.77727],
			"rotation": {"angle": 22.5, "axis": "y", "origin": [4.45455, 16.5, 8.59091]},
			"faces": {
				"north": {"uv": [14, 4, 13, 5], "texture": "#5"},
				"east": {"uv": [13, 4, 14, 5], "rotation": 90, "texture": "#5"},
				"south": {"uv": [13, 4, 14, 5], "texture": "#5"},
				"west": {"uv": [13, 4, 14, 5], "rotation": 270, "texture": "#5"},
				"up": {"uv": [13, 4, 14, 5], "texture": "#5"},
				"down": {"uv": [13, 5, 14, 4], "texture": "#5"}
			}
		},
		{
			"name": "stick_4",
			"from": [1.51591, 17.425, 3.70909],
			"to": [2.21591, 18.125, 4.40909],
			"rotation": {"angle": 22.5, "axis": "z", "origin": [4.02955, 17.775, 6.89091]},
			"faces": {
				"north": {"uv": [13, 4, 14, 5], "rotation": 90, "texture": "#5"},
				"east": {"uv": [13, 4, 14, 5], "texture": "#5"},
				"south": {"uv": [13, 4, 14, 5], "rotation": 270, "texture": "#5"},
				"west": {"uv": [14, 4, 13, 5], "texture": "#5"},
				"up": {"uv": [13, 4, 14, 5], "rotation": 270, "texture": "#5"},
				"down": {"uv": [13, 5, 14, 4], "rotation": 90, "texture": "#5"}
			}
		},
		{
			"name": "stick_5",
			"from": [3.51591, 16.175, 4.93409],
			"to": [4.21591, 16.875, 5.63409],
			"rotation": {"angle": -22.5, "axis": "y", "origin": [6.02955, 16.525, 8.11591]},
			"faces": {
				"north": {"uv": [13, 4, 14, 5], "rotation": 90, "texture": "#5"},
				"east": {"uv": [13, 4, 14, 5], "texture": "#5"},
				"south": {"uv": [13, 4, 14, 5], "rotation": 270, "texture": "#5"},
				"west": {"uv": [14, 4, 13, 5], "texture": "#5"},
				"up": {"uv": [13, 4, 14, 5], "rotation": 270, "texture": "#5"},
				"down": {"uv": [13, 5, 14, 4], "rotation": 90, "texture": "#5"}
			}
		},
		{
			"name": "stick_5",
			"from": [5.53636, 16.15, 6.07727],
			"to": [6.23636, 16.85, 8.17727],
			"rotation": {"angle": 22.5, "axis": "y", "origin": [4.45455, 16.5, 8.59091]},
			"faces": {
				"north": {"uv": [10, 6, 9, 7], "texture": "#5"},
				"east": {"uv": [9, 6, 10, 9], "rotation": 90, "texture": "#5"},
				"south": {"uv": [9, 8, 10, 9], "texture": "#5"},
				"west": {"uv": [9, 6, 10, 9], "rotation": 270, "texture": "#5"},
				"up": {"uv": [9, 6, 10, 9], "texture": "#5"},
				"down": {"uv": [9, 9, 10, 6], "texture": "#5"}
			}
		},
		{
			"name": "stick_6",
			"from": [1.51591, 17.425, 5.10909],
			"to": [3.61591, 18.125, 5.80909],
			"rotation": {"angle": 22.5, "axis": "z", "origin": [4.02955, 17.775, 6.89091]},
			"faces": {
				"north": {"uv": [9, 6, 10, 9], "rotation": 90, "texture": "#5"},
				"east": {"uv": [9, 8, 10, 9], "texture": "#5"},
				"south": {"uv": [9, 6, 10, 9], "rotation": 270, "texture": "#5"},
				"west": {"uv": [10, 6, 9, 7], "texture": "#5"},
				"up": {"uv": [9, 6, 10, 9], "rotation": 270, "texture": "#5"},
				"down": {"uv": [9, 9, 10, 6], "rotation": 90, "texture": "#5"}
			}
		},
		{
			"name": "stick_7",
			"from": [3.51591, 16.175, 6.33409],
			"to": [5.61591, 16.875, 7.03409],
			"rotation": {"angle": -22.5, "axis": "y", "origin": [6.02955, 16.525, 8.11591]},
			"faces": {
				"north": {"uv": [9, 6, 10, 9], "rotation": 90, "texture": "#5"},
				"east": {"uv": [9, 8, 10, 9], "texture": "#5"},
				"south": {"uv": [9, 6, 10, 9], "rotation": 270, "texture": "#5"},
				"west": {"uv": [10, 6, 9, 7], "texture": "#5"},
				"up": {"uv": [9, 6, 10, 9], "rotation": 270, "texture": "#5"},
				"down": {"uv": [9, 9, 10, 6], "rotation": 90, "texture": "#5"}
			}
		},
		{
			"name": "stick_6",
			"from": [4.83636, 16.15, 6.77727],
			"to": [5.53636, 16.85, 8.87727],
			"rotation": {"angle": 22.5, "axis": "y", "origin": [4.45455, 16.5, 8.59091]},
			"faces": {
				"north": {"uv": [9, 7, 8, 8], "texture": "#5"},
				"east": {"uv": [8, 7, 9, 10], "rotation": 90, "texture": "#5"},
				"south": {"uv": [8, 9, 9, 10], "texture": "#5"},
				"west": {"uv": [8, 7, 9, 10], "rotation": 270, "texture": "#5"},
				"up": {"uv": [8, 7, 9, 10], "texture": "#5"},
				"down": {"uv": [8, 10, 9, 7], "texture": "#5"}
			}
		},
		{
			"name": "stick_7",
			"from": [2.21591, 17.425, 5.80909],
			"to": [4.31591, 18.125, 6.50909],
			"rotation": {"angle": 22.5, "axis": "z", "origin": [4.02955, 17.775, 6.89091]},
			"faces": {
				"north": {"uv": [8, 7, 9, 10], "rotation": 90, "texture": "#5"},
				"east": {"uv": [8, 9, 9, 10], "texture": "#5"},
				"south": {"uv": [8, 7, 9, 10], "rotation": 270, "texture": "#5"},
				"west": {"uv": [9, 7, 8, 8], "texture": "#5"},
				"up": {"uv": [8, 7, 9, 10], "rotation": 270, "texture": "#5"},
				"down": {"uv": [8, 10, 9, 7], "rotation": 90, "texture": "#5"}
			}
		},
		{
			"name": "stick_8",
			"from": [4.21591, 16.175, 7.03409],
			"to": [6.31591, 16.875, 7.73409],
			"rotation": {"angle": -22.5, "axis": "y", "origin": [6.02955, 16.525, 8.11591]},
			"faces": {
				"north": {"uv": [8, 7, 9, 10], "rotation": 90, "texture": "#5"},
				"east": {"uv": [8, 9, 9, 10], "texture": "#5"},
				"south": {"uv": [8, 7, 9, 10], "rotation": 270, "texture": "#5"},
				"west": {"uv": [9, 7, 8, 8], "texture": "#5"},
				"up": {"uv": [8, 7, 9, 10], "rotation": 270, "texture": "#5"},
				"down": {"uv": [8, 10, 9, 7], "rotation": 90, "texture": "#5"}
			}
		},
		{
			"name": "stick_7",
			"from": [4.13636, 16.15, 7.47727],
			"to": [4.83636, 16.85, 9.57727],
			"rotation": {"angle": 22.5, "axis": "y", "origin": [4.45455, 16.5, 8.59091]},
			"faces": {
				"north": {"uv": [8, 8, 7, 9], "texture": "#5"},
				"east": {"uv": [7, 8, 8, 11], "rotation": 90, "texture": "#5"},
				"south": {"uv": [7, 10, 8, 11], "texture": "#5"},
				"west": {"uv": [7, 8, 8, 11], "rotation": 270, "texture": "#5"},
				"up": {"uv": [7, 8, 8, 11], "texture": "#5"},
				"down": {"uv": [7, 11, 8, 8], "texture": "#5"}
			}
		},
		{
			"name": "stick_8",
			"from": [2.91591, 17.425, 6.50909],
			"to": [5.01591, 18.125, 7.20909],
			"rotation": {"angle": 22.5, "axis": "z", "origin": [4.02955, 17.775, 6.89091]},
			"faces": {
				"north": {"uv": [7, 8, 8, 11], "rotation": 90, "texture": "#5"},
				"east": {"uv": [7, 10, 8, 11], "texture": "#5"},
				"south": {"uv": [7, 8, 8, 11], "rotation": 270, "texture": "#5"},
				"west": {"uv": [8, 8, 7, 9], "texture": "#5"},
				"up": {"uv": [7, 8, 8, 11], "rotation": 270, "texture": "#5"},
				"down": {"uv": [7, 11, 8, 8], "rotation": 90, "texture": "#5"}
			}
		},
		{
			"name": "stick_9",
			"from": [4.91591, 16.175, 7.73409],
			"to": [7.01591, 16.875, 8.43409],
			"rotation": {"angle": -22.5, "axis": "y", "origin": [6.02955, 16.525, 8.11591]},
			"faces": {
				"north": {"uv": [7, 8, 8, 11], "rotation": 90, "texture": "#5"},
				"east": {"uv": [7, 10, 8, 11], "texture": "#5"},
				"south": {"uv": [7, 8, 8, 11], "rotation": 270, "texture": "#5"},
				"west": {"uv": [8, 8, 7, 9], "texture": "#5"},
				"up": {"uv": [7, 8, 8, 11], "rotation": 270, "texture": "#5"},
				"down": {"uv": [7, 11, 8, 8], "rotation": 90, "texture": "#5"}
			}
		},
		{
			"name": "stick_8",
			"from": [3.43636, 16.15, 8.17727],
			"to": [4.13636, 16.85, 10.27727],
			"rotation": {"angle": 22.5, "axis": "y", "origin": [4.45455, 16.5, 8.59091]},
			"faces": {
				"north": {"uv": [7, 9, 6, 10], "texture": "#5"},
				"east": {"uv": [6, 9, 7, 12], "rotation": 90, "texture": "#5"},
				"south": {"uv": [6, 11, 7, 12], "texture": "#5"},
				"west": {"uv": [6, 9, 7, 12], "rotation": 270, "texture": "#5"},
				"up": {"uv": [6, 9, 7, 12], "texture": "#5"},
				"down": {"uv": [6, 12, 7, 9], "texture": "#5"}
			}
		},
		{
			"name": "stick_9",
			"from": [3.61591, 17.425, 7.20909],
			"to": [5.71591, 18.125, 7.90909],
			"rotation": {"angle": 22.5, "axis": "z", "origin": [4.02955, 17.775, 6.89091]},
			"faces": {
				"north": {"uv": [6, 9, 7, 12], "rotation": 90, "texture": "#5"},
				"east": {"uv": [6, 11, 7, 12], "texture": "#5"},
				"south": {"uv": [6, 9, 7, 12], "rotation": 270, "texture": "#5"},
				"west": {"uv": [7, 9, 6, 10], "texture": "#5"},
				"up": {"uv": [6, 9, 7, 12], "rotation": 270, "texture": "#5"},
				"down": {"uv": [6, 12, 7, 9], "rotation": 90, "texture": "#5"}
			}
		},
		{
			"name": "stick_10",
			"from": [5.61591, 16.175, 8.43409],
			"to": [7.71591, 16.875, 9.13409],
			"rotation": {"angle": -22.5, "axis": "y", "origin": [6.02955, 16.525, 8.11591]},
			"faces": {
				"north": {"uv": [6, 9, 7, 12], "rotation": 90, "texture": "#5"},
				"east": {"uv": [6, 11, 7, 12], "texture": "#5"},
				"south": {"uv": [6, 9, 7, 12], "rotation": 270, "texture": "#5"},
				"west": {"uv": [7, 9, 6, 10], "texture": "#5"},
				"up": {"uv": [6, 9, 7, 12], "rotation": 270, "texture": "#5"},
				"down": {"uv": [6, 12, 7, 9], "rotation": 90, "texture": "#5"}
			}
		},
		{
			"name": "stick_9",
			"from": [2.73636, 16.15, 8.87727],
			"to": [3.43636, 16.85, 10.97727],
			"rotation": {"angle": 22.5, "axis": "y", "origin": [4.45455, 16.5, 8.59091]},
			"faces": {
				"north": {"uv": [6, 10, 5, 11], "texture": "#5"},
				"east": {"uv": [5, 10, 6, 13], "rotation": 90, "texture": "#5"},
				"south": {"uv": [5, 12, 6, 13], "texture": "#5"},
				"west": {"uv": [5, 10, 6, 13], "rotation": 270, "texture": "#5"},
				"up": {"uv": [5, 10, 6, 13], "texture": "#5"},
				"down": {"uv": [5, 13, 6, 10], "texture": "#5"}
			}
		},
		{
			"name": "stick_10",
			"from": [4.31591, 17.425, 7.90909],
			"to": [6.41591, 18.125, 8.60909],
			"rotation": {"angle": 22.5, "axis": "z", "origin": [4.02955, 17.775, 6.89091]},
			"faces": {
				"north": {"uv": [5, 10, 6, 13], "rotation": 90, "texture": "#5"},
				"east": {"uv": [5, 12, 6, 13], "texture": "#5"},
				"south": {"uv": [5, 10, 6, 13], "rotation": 270, "texture": "#5"},
				"west": {"uv": [6, 10, 5, 11], "texture": "#5"},
				"up": {"uv": [5, 10, 6, 13], "rotation": 270, "texture": "#5"},
				"down": {"uv": [5, 13, 6, 10], "rotation": 90, "texture": "#5"}
			}
		},
		{
			"name": "stick_11",
			"from": [6.31591, 16.175, 9.13409],
			"to": [8.41591, 16.875, 9.83409],
			"rotation": {"angle": -22.5, "axis": "y", "origin": [6.02955, 16.525, 8.11591]},
			"faces": {
				"north": {"uv": [5, 10, 6, 13], "rotation": 90, "texture": "#5"},
				"east": {"uv": [5, 12, 6, 13], "texture": "#5"},
				"south": {"uv": [5, 10, 6, 13], "rotation": 270, "texture": "#5"},
				"west": {"uv": [6, 10, 5, 11], "texture": "#5"},
				"up": {"uv": [5, 10, 6, 13], "rotation": 270, "texture": "#5"},
				"down": {"uv": [5, 13, 6, 10], "rotation": 90, "texture": "#5"}
			}
		},
		{
			"name": "stick_10",
			"from": [2.03636, 16.15, 9.57727],
			"to": [2.73636, 16.85, 11.67727],
			"rotation": {"angle": 22.5, "axis": "y", "origin": [4.45455, 16.5, 8.59091]},
			"faces": {
				"north": {"uv": [5, 11, 4, 12], "texture": "#5"},
				"east": {"uv": [4, 11, 5, 14], "rotation": 90, "texture": "#5"},
				"south": {"uv": [4, 13, 5, 14], "texture": "#5"},
				"west": {"uv": [4, 11, 5, 14], "rotation": 270, "texture": "#5"},
				"up": {"uv": [4, 11, 5, 14], "texture": "#5"},
				"down": {"uv": [4, 14, 5, 11], "texture": "#5"}
			}
		},
		{
			"name": "stick_11",
			"from": [5.01591, 17.425, 8.60909],
			"to": [7.11591, 18.125, 9.30909],
			"rotation": {"angle": 22.5, "axis": "z", "origin": [4.02955, 17.775, 6.89091]},
			"faces": {
				"north": {"uv": [4, 11, 5, 14], "rotation": 90, "texture": "#5"},
				"east": {"uv": [4, 13, 5, 14], "texture": "#5"},
				"south": {"uv": [4, 11, 5, 14], "rotation": 270, "texture": "#5"},
				"west": {"uv": [5, 11, 4, 12], "texture": "#5"},
				"up": {"uv": [4, 11, 5, 14], "rotation": 270, "texture": "#5"},
				"down": {"uv": [4, 14, 5, 11], "rotation": 90, "texture": "#5"}
			}
		},
		{
			"name": "stick_12",
			"from": [7.01591, 16.175, 9.83409],
			"to": [9.11591, 16.875, 10.53409],
			"rotation": {"angle": -22.5, "axis": "y", "origin": [6.02955, 16.525, 8.11591]},
			"faces": {
				"north": {"uv": [4, 11, 5, 14], "rotation": 90, "texture": "#5"},
				"east": {"uv": [4, 13, 5, 14], "texture": "#5"},
				"south": {"uv": [4, 11, 5, 14], "rotation": 270, "texture": "#5"},
				"west": {"uv": [5, 11, 4, 12], "texture": "#5"},
				"up": {"uv": [4, 11, 5, 14], "rotation": 270, "texture": "#5"},
				"down": {"uv": [4, 14, 5, 11], "rotation": 90, "texture": "#5"}
			}
		},
		{
			"name": "stick_11",
			"from": [1.33636, 16.15, 10.27727],
			"to": [2.03636, 16.85, 12.37727],
			"rotation": {"angle": 22.5, "axis": "y", "origin": [4.45455, 16.5, 8.59091]},
			"faces": {
				"north": {"uv": [4, 12, 3, 13], "texture": "#5"},
				"east": {"uv": [3, 12, 4, 15], "rotation": 90, "texture": "#5"},
				"south": {"uv": [3, 14, 4, 15], "texture": "#5"},
				"west": {"uv": [3, 12, 4, 15], "rotation": 270, "texture": "#5"},
				"up": {"uv": [3, 12, 4, 15], "texture": "#5"},
				"down": {"uv": [3, 15, 4, 12], "texture": "#5"}
			}
		},
		{
			"name": "stick_12",
			"from": [5.71591, 17.425, 9.30909],
			"to": [7.81591, 18.125, 10.00909],
			"rotation": {"angle": 22.5, "axis": "z", "origin": [4.02955, 17.775, 6.89091]},
			"faces": {
				"north": {"uv": [3, 12, 4, 15], "rotation": 90, "texture": "#5"},
				"east": {"uv": [3, 14, 4, 15], "texture": "#5"},
				"south": {"uv": [3, 12, 4, 15], "rotation": 270, "texture": "#5"},
				"west": {"uv": [4, 12, 3, 13], "texture": "#5"},
				"up": {"uv": [3, 12, 4, 15], "rotation": 270, "texture": "#5"},
				"down": {"uv": [3, 15, 4, 12], "rotation": 90, "texture": "#5"}
			}
		},
		{
			"name": "stick_13",
			"from": [7.71591, 16.175, 10.53409],
			"to": [9.81591, 16.875, 11.23409],
			"rotation": {"angle": -22.5, "axis": "y", "origin": [6.02955, 16.525, 8.11591]},
			"faces": {
				"north": {"uv": [3, 12, 4, 15], "rotation": 90, "texture": "#5"},
				"east": {"uv": [3, 14, 4, 15], "texture": "#5"},
				"south": {"uv": [3, 12, 4, 15], "rotation": 270, "texture": "#5"},
				"west": {"uv": [4, 12, 3, 13], "texture": "#5"},
				"up": {"uv": [3, 12, 4, 15], "rotation": 270, "texture": "#5"},
				"down": {"uv": [3, 15, 4, 12], "rotation": 90, "texture": "#5"}
			}
		},
		{
			"name": "stick_12",
			"from": [0.63636, 16.15, 10.97727],
			"to": [1.33636, 16.85, 12.37727],
			"rotation": {"angle": 22.5, "axis": "y", "origin": [4.45455, 16.5, 8.59091]},
			"faces": {
				"north": {"uv": [3, 13, 2, 14], "texture": "#5"},
				"east": {"uv": [2, 13, 3, 15], "rotation": 90, "texture": "#5"},
				"south": {"uv": [2, 14, 3, 15], "texture": "#5"},
				"west": {"uv": [2, 13, 3, 15], "rotation": 270, "texture": "#5"},
				"up": {"uv": [2, 13, 3, 15], "texture": "#5"},
				"down": {"uv": [2, 15, 3, 13], "texture": "#5"}
			}
		},
		{
			"name": "stick_13",
			"from": [6.41591, 17.425, 10.00909],
			"to": [7.81591, 18.125, 10.70909],
			"rotation": {"angle": 22.5, "axis": "z", "origin": [4.02955, 17.775, 6.89091]},
			"faces": {
				"north": {"uv": [2, 13, 3, 15], "rotation": 90, "texture": "#5"},
				"east": {"uv": [2, 14, 3, 15], "texture": "#5"},
				"south": {"uv": [2, 13, 3, 15], "rotation": 270, "texture": "#5"},
				"west": {"uv": [3, 13, 2, 14], "texture": "#5"},
				"up": {"uv": [2, 13, 3, 15], "rotation": 270, "texture": "#5"},
				"down": {"uv": [2, 15, 3, 13], "rotation": 90, "texture": "#5"}
			}
		},
		{
			"name": "stick_14",
			"from": [8.41591, 16.175, 11.23409],
			"to": [9.81591, 16.875, 11.93409],
			"rotation": {"angle": -22.5, "axis": "y", "origin": [6.02955, 16.525, 8.11591]},
			"faces": {
				"north": {"uv": [2, 13, 3, 15], "rotation": 90, "texture": "#5"},
				"east": {"uv": [2, 14, 3, 15], "texture": "#5"},
				"south": {"uv": [2, 13, 3, 15], "rotation": 270, "texture": "#5"},
				"west": {"uv": [3, 13, 2, 14], "texture": "#5"},
				"up": {"uv": [2, 13, 3, 15], "rotation": 270, "texture": "#5"},
				"down": {"uv": [2, 15, 3, 13], "rotation": 90, "texture": "#5"}
			}
		},
		{
			"name": "feather_0",
			"from": [13.53333, 16, 4.7],
			"to": [14.03333, 16.5, 8.7],
			"rotation": {"angle": 22.5, "axis": "y", "origin": [11.53333, 20, 7.7]},
			"faces": {
				"north": {"uv": [13, 2, 12, 3], "texture": "#6"},
				"east": {"uv": [12, 2, 13, 10], "rotation": 90, "texture": "#6"},
				"south": {"uv": [12, 9, 13, 10], "texture": "#6"},
				"west": {"uv": [12, 2, 13, 10], "rotation": 270, "texture": "#6"},
				"up": {"uv": [12, 2, 13, 10], "texture": "#6"},
				"down": {"uv": [12, 10, 13, 2], "texture": "#6"}
			}
		},
		{
			"name": "feather_1",
			"from": [14.03333, 16, 5.2],
			"to": [14.53333, 16.5, 7.2],
			"rotation": {"angle": 22.5, "axis": "y", "origin": [11.53333, 20, 7.7]},
			"faces": {
				"north": {"uv": [14, 3, 13, 4], "texture": "#6"},
				"east": {"uv": [13, 3, 14, 7], "rotation": 90, "texture": "#6"},
				"south": {"uv": [13, 6, 14, 7], "texture": "#6"},
				"west": {"uv": [13, 3, 14, 7], "rotation": 270, "texture": "#6"},
				"up": {"uv": [13, 3, 14, 7], "texture": "#6"},
				"down": {"uv": [13, 7, 14, 3], "texture": "#6"}
			}
		},
		{
			"name": "feather_2",
			"from": [13.03333, 16, 5.7],
			"to": [13.53333, 16.5, 8.7],
			"rotation": {"angle": 22.5, "axis": "y", "origin": [11.53333, 20, 7.7]},
			"faces": {
				"north": {"uv": [12, 4, 11, 5], "texture": "#6"},
				"east": {"uv": [11, 4, 12, 10], "rotation": 90, "texture": "#6"},
				"south": {"uv": [11, 9, 12, 10], "texture": "#6"},
				"west": {"uv": [11, 4, 12, 10], "rotation": 270, "texture": "#6"},
				"up": {"uv": [11, 4, 12, 10], "texture": "#6"},
				"down": {"uv": [11, 10, 12, 4], "texture": "#6"}
			}
		},
		{
			"name": "feather_3",
			"from": [12.53333, 16, 6.2],
			"to": [13.03333, 16.5, 9.7],
			"rotation": {"angle": 22.5, "axis": "y", "origin": [11.53333, 20, 7.7]},
			"faces": {
				"north": {"uv": [11, 5, 10, 6], "texture": "#6"},
				"east": {"uv": [10, 5, 11, 12], "rotation": 90, "texture": "#6"},
				"south": {"uv": [10, 11, 11, 12], "texture": "#6"},
				"west": {"uv": [10, 5, 11, 12], "rotation": 270, "texture": "#6"},
				"up": {"uv": [10, 5, 11, 12], "texture": "#6"},
				"down": {"uv": [10, 12, 11, 5], "texture": "#6"}
			}
		},
		{
			"name": "feather_4",
			"from": [14.53333, 16, 6.2],
			"to": [15.03333, 16.5, 6.7],
			"rotation": {"angle": 22.5, "axis": "y", "origin": [11.53333, 20, 7.7]},
			"faces": {
				"north": {"uv": [15, 5, 14, 6], "texture": "#6"},
				"east": {"uv": [14, 5, 15, 6], "rotation": 90, "texture": "#6"},
				"south": {"uv": [14, 5, 15, 6], "texture": "#6"},
				"west": {"uv": [14, 5, 15, 6], "rotation": 270, "texture": "#6"},
				"up": {"uv": [14, 5, 15, 6], "texture": "#6"},
				"down": {"uv": [14, 6, 15, 5], "texture": "#6"}
			}
		},
		{
			"name": "feather_5",
			"from": [11.53333, 16, 7.2],
			"to": [12.53333, 16.5, 10.2],
			"rotation": {"angle": 22.5, "axis": "y", "origin": [11.53333, 20, 7.7]},
			"faces": {
				"north": {"uv": [10, 7, 8, 8], "texture": "#6"},
				"east": {"uv": [9, 7, 10, 13], "rotation": 90, "texture": "#6"},
				"south": {"uv": [8, 12, 10, 13], "texture": "#6"},
				"west": {"uv": [8, 7, 9, 13], "rotation": 270, "texture": "#6"},
				"up": {"uv": [8, 7, 10, 13], "texture": "#6"},
				"down": {"uv": [8, 13, 10, 7], "texture": "#6"}
			}
		},
		{
			"name": "feather_6",
			"from": [10.53333, 16, 7.7],
			"to": [11.03333, 16.5, 11.2],
			"rotation": {"angle": 22.5, "axis": "y", "origin": [11.53333, 20, 7.7]},
			"faces": {
				"north": {"uv": [7, 8, 6, 9], "texture": "#6"},
				"east": {"uv": [6, 8, 7, 15], "rotation": 90, "texture": "#6"},
				"south": {"uv": [6, 14, 7, 15], "texture": "#6"},
				"west": {"uv": [6, 8, 7, 15], "rotation": 270, "texture": "#6"},
				"up": {"uv": [6, 8, 7, 15], "texture": "#6"},
				"down": {"uv": [6, 15, 7, 8], "texture": "#6"}
			}
		},
		{
			"name": "feather_7",
			"from": [14.03333, 16, 7.7],
			"to": [14.53333, 16.5, 8.2],
			"rotation": {"angle": 22.5, "axis": "y", "origin": [11.53333, 20, 7.7]},
			"faces": {
				"north": {"uv": [14, 8, 13, 9], "texture": "#6"},
				"east": {"uv": [13, 8, 14, 9], "rotation": 90, "texture": "#6"},
				"south": {"uv": [13, 8, 14, 9], "texture": "#6"},
				"west": {"uv": [13, 8, 14, 9], "rotation": 270, "texture": "#6"},
				"up": {"uv": [13, 8, 14, 9], "texture": "#6"},
				"down": {"uv": [13, 9, 14, 8], "texture": "#6"}
			}
		},
		{
			"name": "feather_8",
			"from": [10.03333, 16, 8.2],
			"to": [10.53333, 16.5, 11.2],
			"rotation": {"angle": 22.5, "axis": "y", "origin": [11.53333, 20, 7.7]},
			"faces": {
				"north": {"uv": [6, 9, 5, 10], "texture": "#6"},
				"east": {"uv": [5, 9, 6, 15], "rotation": 90, "texture": "#6"},
				"south": {"uv": [5, 14, 6, 15], "texture": "#6"},
				"west": {"uv": [5, 9, 6, 15], "rotation": 270, "texture": "#6"},
				"up": {"uv": [5, 9, 6, 15], "texture": "#6"},
				"down": {"uv": [5, 15, 6, 9], "texture": "#6"}
			}
		},
		{
			"name": "feather_9",
			"from": [11.03333, 16, 8.2],
			"to": [11.53333, 16.5, 10.7],
			"rotation": {"angle": 22.5, "axis": "y", "origin": [11.53333, 20, 7.7]},
			"faces": {
				"north": {"uv": [8, 9, 7, 10], "texture": "#6"},
				"east": {"uv": [7, 9, 8, 14], "rotation": 90, "texture": "#6"},
				"south": {"uv": [7, 13, 8, 14], "texture": "#6"},
				"west": {"uv": [7, 9, 8, 14], "rotation": 270, "texture": "#6"},
				"up": {"uv": [7, 9, 8, 14], "texture": "#6"},
				"down": {"uv": [7, 14, 8, 9], "texture": "#6"}
			}
		},
		{
			"name": "feather_10",
			"from": [9.03333, 16, 9.2],
			"to": [10.03333, 16.5, 9.7],
			"rotation": {"angle": 22.5, "axis": "y", "origin": [11.53333, 20, 7.7]},
			"faces": {
				"north": {"uv": [5, 11, 3, 12], "texture": "#6"},
				"east": {"uv": [4, 11, 5, 12], "rotation": 90, "texture": "#6"},
				"south": {"uv": [3, 11, 5, 12], "texture": "#6"},
				"west": {"uv": [3, 11, 4, 12], "rotation": 270, "texture": "#6"},
				"up": {"uv": [3, 11, 5, 12], "texture": "#6"},
				"down": {"uv": [3, 12, 5, 11], "texture": "#6"}
			}
		},
		{
			"name": "feather_11",
			"from": [13.03333, 16, 9.2],
			"to": [13.53333, 16.5, 9.7],
			"rotation": {"angle": 22.5, "axis": "y", "origin": [11.53333, 20, 7.7]},
			"faces": {
				"north": {"uv": [12, 11, 11, 12], "texture": "#6"},
				"east": {"uv": [11, 11, 12, 12], "rotation": 90, "texture": "#6"},
				"south": {"uv": [11, 11, 12, 12], "texture": "#6"},
				"west": {"uv": [11, 11, 12, 12], "rotation": 270, "texture": "#6"},
				"up": {"uv": [11, 11, 12, 12], "texture": "#6"},
				"down": {"uv": [11, 12, 12, 11], "texture": "#6"}
			}
		},
		{
			"name": "feather_12",
			"from": [9.53333, 16, 9.7],
			"to": [10.03333, 16.5, 10.7],
			"rotation": {"angle": 22.5, "axis": "y", "origin": [11.53333, 20, 7.7]},
			"faces": {
				"north": {"uv": [5, 12, 4, 13], "texture": "#6"},
				"east": {"uv": [4, 12, 5, 14], "rotation": 90, "texture": "#6"},
				"south": {"uv": [4, 13, 5, 14], "texture": "#6"},
				"west": {"uv": [4, 12, 5, 14], "rotation": 270, "texture": "#6"},
				"up": {"uv": [4, 12, 5, 14], "texture": "#6"},
				"down": {"uv": [4, 14, 5, 12], "texture": "#6"}
			}
		},
		{
			"name": "feather_13",
			"from": [8.53333, 16, 10.2],
			"to": [9.53333, 16.5, 10.7],
			"rotation": {"angle": 22.5, "axis": "y", "origin": [11.53333, 20, 7.7]},
			"faces": {
				"north": {"uv": [4, 13, 2, 14], "texture": "#6"},
				"east": {"uv": [3, 13, 4, 14], "rotation": 90, "texture": "#6"},
				"south": {"uv": [2, 13, 4, 14], "texture": "#6"},
				"west": {"uv": [2, 13, 3, 14], "rotation": 270, "texture": "#6"},
				"up": {"uv": [2, 13, 4, 14], "texture": "#6"},
				"down": {"uv": [2, 14, 4, 13], "texture": "#6"}
			}
		},
		{
			"name": "feather_14",
			"from": [11.53333, 16, 10.2],
			"to": [12.03333, 16.5, 10.7],
			"rotation": {"angle": 22.5, "axis": "y", "origin": [11.53333, 20, 7.7]},
			"faces": {
				"north": {"uv": [9, 13, 8, 14], "texture": "#6"},
				"east": {"uv": [8, 13, 9, 14], "rotation": 90, "texture": "#6"},
				"south": {"uv": [8, 13, 9, 14], "texture": "#6"},
				"west": {"uv": [8, 13, 9, 14], "rotation": 270, "texture": "#6"},
				"up": {"uv": [8, 13, 9, 14], "texture": "#6"},
				"down": {"uv": [8, 14, 9, 13], "texture": "#6"}
			}
		}
	],
	"groups": [0, 1, 2, 3, 4, 5, 6, 7, 8, 9, 10, 11, 12, 13, 14, 15, 16, 17, 18, 19, 20, 21, 22, 23, 24, 25, 26, 27, 28, 29, 30, 31, 32, 33, 34, 35, 36, 37, 38, 39, 40, 41, 42,
		{
			"name": "stick",
			"origin": [8, 8, 8],
			"children": [43, 44, 45, 46, 47, 48, 49, 50, 51, 52, 53, 54, 55, 56, 57, 58, 59, 60, 61, 62, 63, 64, 65, 66, 67, 68, 69, 70, 71, 72, 73, 74, 75]
		},
		{
			"name": "feather",
			"origin": [8, 8, 8],
			"children": [76, 77, 78, 79, 80, 81, 82, 83, 84, 85, 86, 87, 88, 89, 90]
		}
	]
}