{
	"credit": "Made with Blockbench",
	"parent": "block/block",
	"textures": {
		"particle": "block/lantern",
		"all": "block/lantern"
	},
	"elements": [
		{
			"from": [5, 0, 5],
			"to": [11, 7, 11],
			"rotation": {"angle": 0, "axis": "y", "origin": [8, 7, 8]},
			"faces": {
				"north": {"uv": [6, 2, 12, 9], "texture": "#all"},
				"east": {"uv": [6, 2, 12, 9], "texture": "#all"},
				"south": {"uv": [6, 2, 12, 9], "texture": "#all"},
				"west": {"uv": [6, 2, 12, 9], "texture": "#all"},
				"up": {"uv": [0, 9, 6, 15], "texture": "#all"},
				"down": {"uv": [0, 9, 6, 15], "texture": "#all"}
			}
		},
		{
			"from": [5.3924, 0.3692, 5.3924],
			"to": [10.6076, 6.4536, 10.6076],
			"rotation": {"angle": 0, "axis": "y", "origin": [8, 5.9536, 8]},
			"faces": {
				"north": {"uv": [0, 2, 6, 9], "texture": "#all"},
				"east": {"uv": [0, 2, 6, 9], "texture": "#all"},
				"south": {"uv": [0, 2, 6, 9], "texture": "#all"},
				"west": {"uv": [0, 2, 6, 9], "texture": "#all"},
				"up": {"uv": [0, 9, 6, 15], "texture": "#all"},
				"down": {"uv": [0, 9, 6, 15], "texture": "#all"}
			}
		},
		{
			"from": [6, 7, 6],
			"to": [10, 9, 10],
			"rotation": {"angle": 0, "axis": "y", "origin": [8, 7, 8]},
			"faces": {
				"north": {"uv": [1, 0, 5, 2], "texture": "#all"},
				"east": {"uv": [1, 0, 5, 2], "texture": "#all"},
				"south": {"uv": [1, 0, 5, 2], "texture": "#all"},
				"west": {"uv": [1, 0, 5, 2], "texture": "#all"},
				"up": {"uv": [1, 10, 5, 14], "texture": "#all"},
				"down": {"uv": [1, 10, 5, 14], "texture": "#all"}
			}
		},
		{
			"from": [8, 9, 6.5],
			"to": [8, 11, 9.5],
			"shade": false,
			"rotation": {"angle": 45, "axis": "y", "origin": [8, 7, 8]},
			"faces": {
				"east": {"uv": [12, 10, 15, 12], "texture": "#all"},
				"west": {"uv": [12, 10, 15, 12], "texture": "#all"}
			}
		},
		{
			"from": [8, 9, 6.5],
			"to": [8, 11, 9.5],
			"shade": false,
			"rotation": {"angle": -45, "axis": "y", "origin": [8, 7, 8]},
			"faces": {
				"east": {"uv": [12, 10, 15, 12], "texture": "#all"},
				"west": {"uv": [12, 10, 15, 12], "texture": "#all"}
			}
		}
	]
}