{
	"credit": "Made with Blockbench",
	"ambientocclusion": false,
	"textures": {
		"2": "block/on",
		"particle": "block/cobblestone",
		"base": "block/cobblestone",
		"lever": "block/lever"
	},
	"elements": [
		{
			"from": [5, 0, 4],
			"to": [11, 3, 12],
			"faces": {
				"north": {"uv": [5, 0, 11, 3], "texture": "#base"},
				"east": {"uv": [4, 0, 12, 3], "texture": "#base"},
				"south": {"uv": [5, 0, 11, 3], "texture": "#base"},
				"west": {"uv": [4, 0, 12, 3], "texture": "#base"},
				"up": {"uv": [5, 4, 11, 12], "texture": "#base"},
				"down": {"uv": [5, 4, 11, 12], "texture": "#base", "cullface": "down"}
			}
		},
		{
			"from": [9.6, 1.8, 4.725],
			"to": [10.6, 3.05, 6.525],
			"faces": {
				"west": {"uv": [0, 0, 0, 0], "texture": "#2"},
				"up": {"uv": [3, 1.25, 12, 6.25], "rotation": 90, "texture": "#2"}
			}
		},
		{
			"from": [5.5, 1.8, 4.725],
			"to": [6.5, 3.05, 6.525],
			"faces": {
				"west": {"uv": [0, 0, 0, 0], "texture": "#2"},
				"up": {"uv": [3, 1.25, 12, 6.25], "rotation": 90, "texture": "#2"}
			}
		},
		{
			"from": [9.25, 1.8, 9.225],
			"to": [10.75, 3.05, 11.025],
			"faces": {
				"west": {"uv": [0, 0, 0, 0], "texture": "#2"},
				"up": {"uv": [3, 9, 12.75, 15.25], "rotation": 90, "texture": "#2"}
			}
		},
		{
			"from": [5.25, 1.8, 9.225],
			"to": [6.75, 3.05, 11.025],
			"faces": {
				"west": {"uv": [0, 0, 0, 0], "texture": "#2"},
				"up": {"uv": [3, 9, 12.75, 15.25], "rotation": 90, "texture": "#2"}
			}
		},
		{
			"from": [7, 1, 7],
			"to": [9, 11, 9],
			"rotation": {"angle": -45, "axis": "x", "origin": [8, 1, 8]},
			"faces": {
				"north": {"uv": [7, 6, 9, 16], "texture": "#lever"},
				"east": {"uv": [7, 6, 9, 16], "texture": "#lever"},
				"south": {"uv": [7, 6, 9, 16], "texture": "#lever"},
				"west": {"uv": [7, 6, 9, 16], "texture": "#lever"},
				"up": {"uv": [7, 6, 9, 8], "texture": "#lever"}
			}
		}
	]
}