{
	"credit": "Made with Blockbench",
	"textures": {
		"0": "block/nether_wart_stage2",
		"particle": "block/nether_wart_stage2"
	},
	"elements": [
		{
			"from": [2, -1.675, 2],
			"to": [5, 1.225, 5],
			"rotation": {"angle": 0, "axis": "y", "origin": [10, 8.65, 10]},
			"faces": {
				"north": {"uv": [1, 3, 6, 3.575], "texture": "#0"},
				"east": {"uv": [1, 3, 6, 3.575], "texture": "#0"},
				"south": {"uv": [1, 3, 6, 3.575], "texture": "#0"},
				"west": {"uv": [1, 3, 6, 3.575], "texture": "#0"},
				"up": {"uv": [10, 5, 14.999, 10], "texture": "#0"}
			}
		},
		{
			"from": [3.2, -1.675, 11.15],
			"to": [5.4, 1.1, 13.25],
			"rotation": {"angle": -22.5, "axis": "y", "origin": [4.7, 0.9375, 11.75]},
			"faces": {
				"north": {"uv": [1, 3, 6, 3.575], "texture": "#0"},
				"east": {"uv": [1, 3, 6, 3.575], "texture": "#0"},
				"south": {"uv": [1, 3, 6, 3.575], "texture": "#0"},
				"west": {"uv": [1, 3, 6, 3.575], "texture": "#0"},
				"up": {"uv": [10, 5, 14.999, 10], "texture": "#0"}
			}
		},
		{
			"from": [10.55, 0.575, 10.775],
			"to": [13.55, 1.075, 13.775],
			"rotation": {"angle": -45, "axis": "y", "origin": [12.05, 0.9375, 12.275]},
			"faces": {
				"north": {"uv": [1, 3, 6, 3.575], "texture": "#0"},
				"east": {"uv": [1, 3, 6, 3.575], "texture": "#0"},
				"south": {"uv": [1, 3, 6, 3.575], "texture": "#0"},
				"west": {"uv": [1, 3, 6, 3.575], "texture": "#0"},
				"up": {"uv": [10, 5, 14.999, 10], "texture": "#0"}
			}
		},
		{
			"from": [10.05, -0.225, 10.275],
			"to": [14.05, 0.575, 14.275],
			"rotation": {"angle": -45, "axis": "y", "origin": [12.05, 0.4375, 12.275]},
			"faces": {
				"north": {"uv": [1, 3, 6, 3.575], "texture": "#0"},
				"east": {"uv": [1, 3, 6, 3.575], "texture": "#0"},
				"south": {"uv": [1, 3, 6, 3.575], "texture": "#0"},
				"west": {"uv": [1, 3, 6, 3.575], "texture": "#0"},
				"up": {"uv": [10, 5, 14.999, 10], "texture": "#0"}
			}
		},
		{
			"from": [10.05, -3.3, 10.275],
			"to": [14.05, -2.85, 14.275],
			"rotation": {"angle": -45, "axis": "y", "origin": [12.05, -2.9875, 12.275]},
			"faces": {
				"north": {"uv": [1, 3, 6, 3.575], "texture": "#0"},
				"east": {"uv": [1, 3, 6, 3.575], "texture": "#0"},
				"south": {"uv": [1, 3, 6, 3.575], "texture": "#0"},
				"west": {"uv": [1, 3, 6, 3.575], "texture": "#0"},
				"down": {"uv": [10, 5, 14.999, 10], "texture": "#0"}
			}
		},
		{
			"from": [9.55, -2.9, 9.775],
			"to": [14.3, -0.2, 14.775],
			"rotation": {"angle": -45, "axis": "y", "origin": [12.05, -0.3875, 12.275]},
			"faces": {
				"north": {"uv": [1, 3, 6, 5.999], "texture": "#0"},
				"east": {"uv": [1, 3, 6, 5.998], "texture": "#0"},
				"south": {"uv": [1, 3, 6, 5.999], "texture": "#0"},
				"west": {"uv": [1, 3, 6, 5.999], "texture": "#0"},
				"up": {"uv": [10, 5, 14.999, 10], "texture": "#0"},
				"down": {"uv": [10, 5, 14.999, 10], "texture": "#0"}
			}
		},
		{
			"from": [10.55, -5.05, 10.775],
			"to": [13.3, -2.2, 13.775],
			"rotation": {"angle": -45, "axis": "y", "origin": [12.05, -2.3875, 12.275]},
			"faces": {
				"north": {"uv": [1, 3, 6, 3.575], "texture": "#0"},
				"east": {"uv": [1, 3, 6, 3.575], "texture": "#0"},
				"south": {"uv": [1, 3, 6, 3.575], "texture": "#0"},
				"west": {"uv": [1, 3, 6, 3.575], "texture": "#0"},
				"up": {"uv": [10, 5, 14.999, 10], "texture": "#0"}
			}
		},
		{
			"from": [11.15, -1.675, 2.925],
			"to": [13.5, 1.475, 5.35],
			"rotation": {"angle": -22.5, "axis": "y", "origin": [12.475, 0.9375, 3.85]},
			"faces": {
				"north": {"uv": [1, 3, 6, 3.575], "texture": "#0"},
				"east": {"uv": [1, 3, 6, 3.575], "texture": "#0"},
				"south": {"uv": [1, 3, 6, 3.575], "texture": "#0"},
				"west": {"uv": [1, 3, 6, 3.575], "texture": "#0"},
				"up": {"uv": [10, 5, 14.999, 10], "rotation": 90, "texture": "#0"}
			}
		}
	]
}