{
	"credit": "Made with Blockbench",
	"textures": {
		"0": "block/nether_wart_stage2",
		"particle": "block/nether_wart_stage2"
	},
	"elements": [
		{
			"from": [9.9188, 11.0182, 10.3484],
			"to": [13.4468, 11.6062, 13.8764],
			"rotation": {"angle": -45, "axis": "y", "origin": [11.6828, 11.4445, 12.1124]},
			"faces": {
				"north": {"uv": [1, 3, 6, 3.575], "texture": "#0"},
				"east": {"uv": [1, 3, 6, 3.575], "texture": "#0"},
				"south": {"uv": [1, 3, 6, 3.575], "texture": "#0"},
				"west": {"uv": [1, 3, 6, 3.575], "texture": "#0"},
				"up": {"uv": [10, 5, 14.999, 10], "texture": "#0"}
			}
		},
		{
			"from": [1.987, 6.321, 2.18],
			"to": [4.507, 6.741, 4.6],
			"rotation": {"angle": 0, "axis": "y", "origin": [3.247, 6.6255, 3.44]},
			"faces": {
				"north": {"uv": [1, 3, 6, 3.575], "texture": "#0"},
				"east": {"uv": [1, 3, 6, 3.575], "texture": "#0"},
				"south": {"uv": [1, 3, 6, 3.575], "texture": "#0"},
				"west": {"uv": [1, 3, 6, 3.575], "texture": "#0"},
				"up": {"uv": [10, 5, 14.999, 10], "rotation": 90, "texture": "#0"}
			}
		},
		{
			"from": [11.21045, 8.06547, 2.33375],
			"to": [13.66745, 8.47498, 4.79075],
			"rotation": {"angle": -22.5, "axis": "y", "origin": [12.43895, 8.36236, 3.56225]},
			"faces": {
				"north": {"uv": [1, 3, 6, 3.575], "texture": "#0"},
				"east": {"uv": [1, 3, 6, 3.575], "texture": "#0"},
				"south": {"uv": [1, 3, 6, 3.575], "texture": "#0"},
				"west": {"uv": [1, 3, 6, 3.575], "texture": "#0"},
				"up": {"uv": [10, 5, 14.999, 10], "rotation": 90, "texture": "#0"}
			}
		},
		{
			"from": [2.53142, 5.79111, 11.4015],
			"to": [4.82462, 6.17331, 13.6947],
			"rotation": {"angle": -22.5, "axis": "y", "origin": [3.67802, 6.0682, 12.5481]},
			"faces": {
				"north": {"uv": [1, 3, 6, 3.575], "texture": "#0"},
				"east": {"uv": [1, 3, 6, 3.575], "texture": "#0"},
				"south": {"uv": [1, 3, 6, 3.575], "texture": "#0"},
				"west": {"uv": [1, 3, 6, 3.575], "texture": "#0"},
				"up": {"uv": [10, 5, 14.999, 10], "rotation": 90, "texture": "#0"}
			}
		},
		{
			"from": [3.03634, 1.83638, 7.29378],
			"to": [4.2288, 2.03512, 8.48624],
			"rotation": {"angle": -45, "axis": "y", "origin": [3.63257, 1.98047, 7.89001]},
			"faces": {
				"north": {"uv": [1, 3, 6, 3.575], "texture": "#0"},
				"east": {"uv": [1, 3, 6, 3.575], "texture": "#0"},
				"south": {"uv": [1, 3, 6, 3.575], "texture": "#0"},
				"west": {"uv": [1, 3, 6, 3.575], "texture": "#0"},
				"up": {"uv": [10, 5, 14.999, 10], "rotation": 90, "texture": "#0"}
			}
		},
		{
			"from": [7.21134, 1.53638, 2.89378],
			"to": [8.4038, 1.73512, 4.08624],
			"rotation": {"angle": 0, "axis": "y", "origin": [7.80757, 1.68047, 3.49001]},
			"faces": {
				"north": {"uv": [1, 3, 6, 3.575], "texture": "#0"},
				"east": {"uv": [1, 3, 6, 3.575], "texture": "#0"},
				"south": {"uv": [1, 3, 6, 3.575], "texture": "#0"},
				"west": {"uv": [1, 3, 6, 3.575], "texture": "#0"},
				"up": {"uv": [10, 5, 14.999, 10], "rotation": 180, "texture": "#0"}
			}
		},
		{
			"from": [6.82587, 4.34593, 7.01129],
			"to": [8.49532, 4.62417, 8.68074],
			"rotation": {"angle": -45, "axis": "y", "origin": [7.6606, 4.54765, 7.84602]},
			"faces": {
				"north": {"uv": [1, 3, 6, 3.575], "texture": "#0"},
				"east": {"uv": [1, 3, 6, 3.575], "texture": "#0"},
				"south": {"uv": [1, 3, 6, 3.575], "texture": "#0"},
				"west": {"uv": [1, 3, 6, 3.575], "texture": "#0"},
				"up": {"uv": [10, 5, 14.999, 10], "rotation": 90, "texture": "#0"}
			}
		},
		{
			"from": [6.76311, 2.34215, 12.9479],
			"to": [7.93173, 2.53692, 14.11652],
			"rotation": {"angle": 22.5, "axis": "y", "origin": [7.34742, 2.48336, 13.53221]},
			"faces": {
				"north": {"uv": [1, 3, 6, 3.575], "texture": "#0"},
				"east": {"uv": [1, 3, 6, 3.575], "texture": "#0"},
				"south": {"uv": [1, 3, 6, 3.575], "texture": "#0"},
				"west": {"uv": [1, 3, 6, 3.575], "texture": "#0"},
				"up": {"uv": [10, 5, 14.999, 10], "rotation": 180, "texture": "#0"}
			}
		},
		{
			"from": [12.23634, 3.03638, 6.94378],
			"to": [13.4288, 3.23512, 8.13624],
			"rotation": {"angle": -45, "axis": "y", "origin": [12.83257, 3.18047, 7.54001]},
			"faces": {
				"north": {"uv": [1, 3, 6, 3.575], "texture": "#0"},
				"east": {"uv": [1, 3, 6, 3.575], "texture": "#0"},
				"south": {"uv": [1, 3, 6, 3.575], "texture": "#0"},
				"west": {"uv": [1, 3, 6, 3.575], "texture": "#0"},
				"up": {"uv": [10, 5, 14.999, 10], "rotation": 90, "texture": "#0"}
			}
		},
		{
			"from": [9.3308, 10.0774, 9.7604],
			"to": [14.0348, 11.0182, 14.4644],
			"rotation": {"angle": -45, "axis": "y", "origin": [11.6828, 10.8565, 12.1124]},
			"faces": {
				"north": {"uv": [1, 3, 6, 3.575], "texture": "#0"},
				"east": {"uv": [1, 3, 6, 3.575], "texture": "#0"},
				"south": {"uv": [1, 3, 6, 3.575], "texture": "#0"},
				"west": {"uv": [1, 3, 6, 3.575], "texture": "#0"},
				"up": {"uv": [10, 5, 14.999, 10], "texture": "#0"}
			}
		},
		{
			"from": [1.567, 5.649, 1.76],
			"to": [4.927, 6.321, 5.26],
			"rotation": {"angle": 0, "axis": "y", "origin": [3.247, 6.6255, 3.44]},
			"faces": {
				"north": {"uv": [1, 3, 6, 3.575], "texture": "#0"},
				"east": {"uv": [1, 3, 6, 3.575], "texture": "#0"},
				"south": {"uv": [1, 3, 6, 3.575], "texture": "#0"},
				"west": {"uv": [1, 3, 6, 3.575], "texture": "#0"},
				"up": {"uv": [10, 5, 14.999, 10], "rotation": 90, "texture": "#0"}
			}
		},
		{
			"from": [10.80095, 7.41027, 1.92425],
			"to": [14.07695, 8.06547, 5.23775],
			"rotation": {"angle": -22.5, "axis": "y", "origin": [12.43895, 8.36236, 3.56225]},
			"faces": {
				"north": {"uv": [1, 3, 6, 3.575], "texture": "#0"},
				"east": {"uv": [1, 3, 6, 3.575], "texture": "#0"},
				"south": {"uv": [1, 3, 6, 3.575], "texture": "#0"},
				"west": {"uv": [1, 3, 6, 3.575], "texture": "#0"},
				"up": {"uv": [10, 5, 14.999, 10], "rotation": 90, "texture": "#0"}
			}
		},
		{
			"from": [2.14922, 5.17959, 11.0193],
			"to": [5.20682, 5.79111, 14.1119],
			"rotation": {"angle": -22.5, "axis": "y", "origin": [3.67802, 6.0682, 12.5481]},
			"faces": {
				"north": {"uv": [1, 3, 6, 3.575], "texture": "#0"},
				"east": {"uv": [1, 3, 6, 3.575], "texture": "#0"},
				"south": {"uv": [1, 3, 6, 3.575], "texture": "#0"},
				"west": {"uv": [1, 3, 6, 3.575], "texture": "#0"},
				"up": {"uv": [10, 5, 14.999, 10], "rotation": 90, "texture": "#0"}
			}
		},
		{
			"from": [2.83759, 1.51839, 7.09504],
			"to": [4.42755, 1.83638, 8.70319],
			"rotation": {"angle": -45, "axis": "y", "origin": [3.63257, 1.98047, 7.89001]},
			"faces": {
				"north": {"uv": [1, 3, 6, 3.575], "texture": "#0"},
				"east": {"uv": [1, 3, 6, 3.575], "texture": "#0"},
				"south": {"uv": [1, 3, 6, 3.575], "texture": "#0"},
				"west": {"uv": [1, 3, 6, 3.575], "texture": "#0"},
				"up": {"uv": [10, 5, 14.999, 10], "rotation": 90, "texture": "#0"}
			}
		},
		{
			"from": [6.99439, 1.21839, 2.69504],
			"to": [8.60255, 1.53638, 4.28499],
			"rotation": {"angle": 0, "axis": "y", "origin": [7.80757, 1.68047, 3.49001]},
			"faces": {
				"north": {"uv": [1, 3, 6, 3.575], "texture": "#0"},
				"east": {"uv": [1, 3, 6, 3.575], "texture": "#0"},
				"south": {"uv": [1, 3, 6, 3.575], "texture": "#0"},
				"west": {"uv": [1, 3, 6, 3.575], "texture": "#0"},
				"up": {"uv": [10, 5, 14.999, 10], "rotation": 180, "texture": "#0"}
			}
		},
		{
			"from": [6.54763, 3.90074, 6.73305],
			"to": [8.77356, 4.34593, 8.98446],
			"rotation": {"angle": -45, "axis": "y", "origin": [7.6606, 4.54765, 7.84602]},
			"faces": {
				"north": {"uv": [1, 3, 6, 3.575], "texture": "#0"},
				"east": {"uv": [1, 3, 6, 3.575], "texture": "#0"},
				"south": {"uv": [1, 3, 6, 3.575], "texture": "#0"},
				"west": {"uv": [1, 3, 6, 3.575], "texture": "#0"},
				"up": {"uv": [10, 5, 14.999, 10], "rotation": 90, "texture": "#0"}
			}
		},
		{
			"from": [6.55051, 2.03052, 12.75314],
			"to": [8.1265, 2.34215, 14.31129],
			"rotation": {"angle": 22.5, "axis": "y", "origin": [7.34742, 2.48336, 13.53221]},
			"faces": {
				"north": {"uv": [1, 3, 6, 3.575], "texture": "#0"},
				"east": {"uv": [1, 3, 6, 3.575], "texture": "#0"},
				"south": {"uv": [1, 3, 6, 3.575], "texture": "#0"},
				"west": {"uv": [1, 3, 6, 3.575], "texture": "#0"},
				"up": {"uv": [10, 5, 14.999, 10], "rotation": 180, "texture": "#0"}
			}
		},
		{
			"from": [12.03759, 2.71839, 6.74504],
			"to": [13.62755, 3.03638, 8.35319],
			"rotation": {"angle": -45, "axis": "y", "origin": [12.83257, 3.18047, 7.54001]},
			"faces": {
				"north": {"uv": [1, 3, 6, 3.575], "texture": "#0"},
				"east": {"uv": [1, 3, 6, 3.575], "texture": "#0"},
				"south": {"uv": [1, 3, 6, 3.575], "texture": "#0"},
				"west": {"uv": [1, 3, 6, 3.575], "texture": "#0"},
				"up": {"uv": [10, 5, 14.999, 10], "rotation": 90, "texture": "#0"}
			}
		},
		{
			"from": [9.3308, 6.4612, 9.7604],
			"to": [13.8598, 6.9904, 14.4644],
			"rotation": {"angle": -45, "axis": "y", "origin": [11.6828, 6.8287, 12.1124]},
			"faces": {
				"north": {"uv": [1, 3, 6, 3.575], "texture": "#0"},
				"east": {"uv": [1, 3, 6, 3.575], "texture": "#0"},
				"south": {"uv": [1, 3, 6, 3.575], "texture": "#0"},
				"west": {"uv": [1, 3, 6, 3.575], "texture": "#0"},
				"down": {"uv": [10, 5, 14.999, 10], "texture": "#0"}
			}
		},
		{
			"from": [1.567, 3.066, 1.76],
			"to": [4.927, 3.444, 5.26],
			"rotation": {"angle": 0, "axis": "y", "origin": [3.247, 6.6255, 3.44]},
			"faces": {
				"north": {"uv": [1, 3, 6, 3.575], "texture": "#0"},
				"east": {"uv": [1, 3, 6, 3.575], "texture": "#0"},
				"south": {"uv": [1, 3, 6, 3.575], "texture": "#0"},
				"west": {"uv": [1, 3, 6, 3.575], "texture": "#0"},
				"down": {"uv": [10, 5, 14.999, 10], "rotation": 270, "texture": "#0"}
			}
		},
		{
			"from": [10.80095, 4.89185, 1.92425],
			"to": [14.07695, 5.2604, 5.20025],
			"rotation": {"angle": -22.5, "axis": "y", "origin": [12.43895, 8.36236, 3.56225]},
			"faces": {
				"north": {"uv": [1, 3, 6, 3.575], "texture": "#0"},
				"east": {"uv": [1, 3, 6, 3.575], "texture": "#0"},
				"south": {"uv": [1, 3, 6, 3.575], "texture": "#0"},
				"west": {"uv": [1, 3, 6, 3.575], "texture": "#0"},
				"down": {"uv": [10, 5, 14.999, 10], "rotation": 270, "texture": "#0"}
			}
		},
		{
			"from": [2.14922, 2.82906, 11.0193],
			"to": [5.20682, 3.17304, 14.0769],
			"rotation": {"angle": -22.5, "axis": "y", "origin": [3.67802, 6.0682, 12.5481]},
			"faces": {
				"north": {"uv": [1, 3, 6, 3.575], "texture": "#0"},
				"east": {"uv": [1, 3, 6, 3.575], "texture": "#0"},
				"south": {"uv": [1, 3, 6, 3.575], "texture": "#0"},
				"west": {"uv": [1, 3, 6, 3.575], "texture": "#0"},
				"down": {"uv": [10, 5, 14.999, 10], "rotation": 270, "texture": "#0"}
			}
		},
		{
			"from": [2.83759, 0.29611, 7.09504],
			"to": [4.42755, 0.47498, 8.68499],
			"rotation": {"angle": -45, "axis": "y", "origin": [3.63257, 1.98047, 7.89001]},
			"faces": {
				"north": {"uv": [1, 3, 6, 3.575], "texture": "#0"},
				"east": {"uv": [1, 3, 6, 3.575], "texture": "#0"},
				"south": {"uv": [1, 3, 6, 3.575], "texture": "#0"},
				"west": {"uv": [1, 3, 6, 3.575], "texture": "#0"},
				"down": {"uv": [10, 5, 14.999, 10], "rotation": 270, "texture": "#0"}
			}
		},
		{
			"from": [7.01259, -0.00389, 2.69504],
			"to": [8.60255, 0.17498, 4.28499],
			"rotation": {"angle": 0, "axis": "y", "origin": [7.80757, 1.68047, 3.49001]},
			"faces": {
				"north": {"uv": [1, 3, 6, 3.575], "texture": "#0"},
				"east": {"uv": [1, 3, 6, 3.575], "texture": "#0"},
				"south": {"uv": [1, 3, 6, 3.575], "texture": "#0"},
				"west": {"uv": [1, 3, 6, 3.575], "texture": "#0"},
				"down": {"uv": [10, 5, 14.999, 10], "rotation": 180, "texture": "#0"}
			}
		},
		{
			"from": [6.54763, 2.18956, 6.73305],
			"to": [8.77356, 2.43997, 8.95898],
			"rotation": {"angle": -45, "axis": "y", "origin": [7.6606, 4.54765, 7.84602]},
			"faces": {
				"north": {"uv": [1, 3, 6, 3.575], "texture": "#0"},
				"east": {"uv": [1, 3, 6, 3.575], "texture": "#0"},
				"south": {"uv": [1, 3, 6, 3.575], "texture": "#0"},
				"west": {"uv": [1, 3, 6, 3.575], "texture": "#0"},
				"down": {"uv": [10, 5, 14.999, 10], "rotation": 270, "texture": "#0"}
			}
		},
		{
			"from": [6.56834, 0.83269, 12.75314],
			"to": [8.1265, 1.00798, 14.31129],
			"rotation": {"angle": 22.5, "axis": "y", "origin": [7.34742, 2.48336, 13.53221]},
			"faces": {
				"north": {"uv": [1, 3, 6, 3.575], "texture": "#0"},
				"east": {"uv": [1, 3, 6, 3.575], "texture": "#0"},
				"south": {"uv": [1, 3, 6, 3.575], "texture": "#0"},
				"west": {"uv": [1, 3, 6, 3.575], "texture": "#0"},
				"down": {"uv": [10, 5, 14.999, 10], "rotation": 180, "texture": "#0"}
			}
		},
		{
			"from": [12.03759, 1.49611, 6.74504],
			"to": [13.62755, 1.67498, 8.33499],
			"rotation": {"angle": -45, "axis": "y", "origin": [12.83257, 3.18047, 7.54001]},
			"faces": {
				"north": {"uv": [1, 3, 6, 3.575], "texture": "#0"},
				"east": {"uv": [1, 3, 6, 3.575], "texture": "#0"},
				"south": {"uv": [1, 3, 6, 3.575], "texture": "#0"},
				"west": {"uv": [1, 3, 6, 3.575], "texture": "#0"},
				"down": {"uv": [10, 5, 14.999, 10], "rotation": 270, "texture": "#0"}
			}
		},
		{
			"from": [8.7428, 6.9316, 9.1224],
			"to": [14.6038, 10.1068, 15.0524],
			"rotation": {"angle": -45, "axis": "y", "origin": [11.6828, 9.8863, 12.1124]},
			"faces": {
				"north": {"uv": [1, 3, 6, 5.999], "texture": "#0"},
				"east": {"uv": [1, 3, 6, 5.998], "texture": "#0"},
				"south": {"uv": [1, 3, 6, 5.999], "texture": "#0"},
				"west": {"uv": [1, 3, 6, 5.999], "texture": "#0"},
				"up": {"uv": [10, 5, 14.999, 10], "texture": "#0"},
				"down": {"uv": [10, 5, 14.999, 10], "texture": "#0"}
			}
		},
		{
			"from": [1.147, 3.402, 1.34],
			"to": [5.347, 5.67, 5.47],
			"rotation": {"angle": 0, "axis": "y", "origin": [3.247, 6.6255, 3.44]},
			"faces": {
				"north": {"uv": [1, 3, 6, 5.999], "texture": "#0"},
				"east": {"uv": [1, 3, 6, 5.999], "texture": "#0"},
				"south": {"uv": [1, 3, 6, 5.998], "texture": "#0"},
				"west": {"uv": [1, 3, 6, 5.999], "texture": "#0"},
				"up": {"uv": [10, 5, 14.999, 10], "rotation": 90, "texture": "#0"},
				"down": {"uv": [10, 5, 14.999, 10], "rotation": 270, "texture": "#0"}
			}
		},
		{
			"from": [10.39145, 5.21945, 1.51475],
			"to": [14.48645, 7.43075, 5.5925],
			"rotation": {"angle": -22.5, "axis": "y", "origin": [12.43895, 8.36236, 3.56225]},
			"faces": {
				"north": {"uv": [1, 3, 6, 5.999], "texture": "#0"},
				"east": {"uv": [1, 3, 6, 5.999], "texture": "#0"},
				"south": {"uv": [1, 3, 6, 5.998], "texture": "#0"},
				"west": {"uv": [1, 3, 6, 5.999], "texture": "#0"},
				"up": {"uv": [10, 5, 14.999, 10], "rotation": 90, "texture": "#0"},
				"down": {"uv": [10, 5, 14.999, 10], "rotation": 270, "texture": "#0"}
			}
		},
		{
			"from": [1.76702, 3.13482, 10.6371],
			"to": [5.58902, 5.1987, 14.443],
			"rotation": {"angle": -22.5, "axis": "y", "origin": [3.67802, 6.0682, 12.5481]},
			"faces": {
				"north": {"uv": [1, 3, 6, 5.999], "texture": "#0"},
				"east": {"uv": [1, 3, 6, 5.999], "texture": "#0"},
				"south": {"uv": [1, 3, 6, 5.998], "texture": "#0"},
				"west": {"uv": [1, 3, 6, 5.999], "texture": "#0"},
				"up": {"uv": [10, 5, 14.999, 10], "rotation": 90, "texture": "#0"},
				"down": {"uv": [10, 5, 14.999, 10], "rotation": 270, "texture": "#0"}
			}
		},
		{
			"from": [2.63885, 0.45511, 6.89629],
			"to": [4.62629, 1.52832, 8.87536],
			"rotation": {"angle": -45, "axis": "y", "origin": [3.63257, 1.98047, 7.89001]},
			"faces": {
				"north": {"uv": [1, 3, 6, 5.999], "texture": "#0"},
				"east": {"uv": [1, 3, 6, 5.999], "texture": "#0"},
				"south": {"uv": [1, 3, 6, 5.998], "texture": "#0"},
				"west": {"uv": [1, 3, 6, 5.999], "texture": "#0"},
				"up": {"uv": [10, 5, 14.999, 10], "rotation": 90, "texture": "#0"},
				"down": {"uv": [10, 5, 14.999, 10], "rotation": 270, "texture": "#0"}
			}
		},
		{
			"from": [6.82222, 0.15511, 2.49629],
			"to": [8.80129, 1.22832, 4.48373],
			"rotation": {"angle": 0, "axis": "y", "origin": [7.80757, 1.68047, 3.49001]},
			"faces": {
				"north": {"uv": [1, 3, 6, 5.999], "texture": "#0"},
				"east": {"uv": [1, 3, 6, 5.999], "texture": "#0"},
				"south": {"uv": [1, 3, 6, 5.999], "texture": "#0"},
				"west": {"uv": [1, 3, 6, 5.998], "texture": "#0"},
				"up": {"uv": [10, 5, 14.999, 10], "rotation": 180, "texture": "#0"},
				"down": {"uv": [10, 5, 14.999, 10], "rotation": 180, "texture": "#0"}
			}
		},
		{
			"from": [6.26939, 2.41215, 6.45481],
			"to": [9.05181, 3.91465, 9.2255],
			"rotation": {"angle": -45, "axis": "y", "origin": [7.6606, 4.54765, 7.84602]},
			"faces": {
				"north": {"uv": [1, 3, 6, 5.999], "texture": "#0"},
				"east": {"uv": [1, 3, 6, 5.999], "texture": "#0"},
				"south": {"uv": [1, 3, 6, 5.998], "texture": "#0"},
				"west": {"uv": [1, 3, 6, 5.999], "texture": "#0"},
				"up": {"uv": [10, 5, 14.999, 10], "rotation": 90, "texture": "#0"},
				"down": {"uv": [10, 5, 14.999, 10], "rotation": 270, "texture": "#0"}
			}
		},
		{
			"from": [6.38178, 0.9885, 12.55837],
			"to": [8.32126, 2.04026, 14.50606],
			"rotation": {"angle": 22.5, "axis": "y", "origin": [7.34742, 2.48336, 13.53221]},
			"faces": {
				"north": {"uv": [1, 3, 6, 5.999], "texture": "#0"},
				"east": {"uv": [1, 3, 6, 5.999], "texture": "#0"},
				"south": {"uv": [1, 3, 6, 5.999], "texture": "#0"},
				"west": {"uv": [1, 3, 6, 5.998], "texture": "#0"},
				"up": {"uv": [10, 5, 14.999, 10], "rotation": 180, "texture": "#0"},
				"down": {"uv": [10, 5, 14.999, 10], "rotation": 180, "texture": "#0"}
			}
		},
		{
			"from": [11.83885, 1.65511, 6.54629],
			"to": [13.82629, 2.72832, 8.52536],
			"rotation": {"angle": -45, "axis": "y", "origin": [12.83257, 3.18047, 7.54001]},
			"faces": {
				"north": {"uv": [1, 3, 6, 5.999], "texture": "#0"},
				"east": {"uv": [1, 3, 6, 5.999], "texture": "#0"},
				"south": {"uv": [1, 3, 6, 5.998], "texture": "#0"},
				"west": {"uv": [1, 3, 6, 5.999], "texture": "#0"},
				"up": {"uv": [10, 5, 14.999, 10], "rotation": 90, "texture": "#0"},
				"down": {"uv": [10, 5, 14.999, 10], "rotation": 270, "texture": "#0"}
			}
		},
		{
			"from": [9.9188, -3.7218, 10.5984],
			"to": [13.1528, 0.1798, 13.5514],
			"rotation": {"angle": -45, "axis": "y", "origin": [11.6828, 7.5343, 12.1124]},
			"faces": {
				"north": {"uv": [1, 3, 6, 3.575], "texture": "#0"},
				"east": {"uv": [1, 3, 6, 3.575], "texture": "#0"},
				"south": {"uv": [1, 3, 6, 3.575], "texture": "#0"},
				"west": {"uv": [1, 3, 6, 3.575], "texture": "#0"},
				"up": {"uv": [10, 5, 14.999, 10], "texture": "#0"}
			}
		},
		{
			"from": [10.0688, 4.8782, 10.6234],
			"to": [13.1528, 8.1798, 13.6514],
			"rotation": {"angle": -45, "axis": "y", "origin": [11.6828, 15.5343, 12.1124]},
			"faces": {
				"north": {"uv": [1, 3, 6, 3.575], "texture": "#0"},
				"east": {"uv": [1, 3, 6, 3.575], "texture": "#0"},
				"south": {"uv": [1, 3, 6, 3.575], "texture": "#0"},
				"west": {"uv": [1, 3, 6, 3.575], "texture": "#0"},
				"down": {"uv": [10, 5, 14.999, 10], "texture": "#0"}
			}
		},
		{
			"from": [10.2438, 0.0782, 10.7484],
			"to": [12.9528, 2.7298, 13.4014],
			"rotation": {"angle": -45, "axis": "y", "origin": [11.6828, 10.7843, 12.1124]},
			"faces": {
				"north": {"uv": [1, 3, 6, 3.575], "texture": "#0"},
				"east": {"uv": [1, 3, 6, 3.575], "texture": "#0"},
				"south": {"uv": [1, 3, 6, 3.575], "texture": "#0"},
				"west": {"uv": [1, 3, 6, 3.575], "texture": "#0"},
				"up": {"uv": [10, 5, 14.999, 10], "texture": "#0"}
			}
		},
		{
			"from": [10.4188, 2.6032, 10.9234],
			"to": [12.7778, 5.1548, 13.2264],
			"rotation": {"angle": -45, "axis": "y", "origin": [11.6828, 12.5093, 12.1124]},
			"faces": {
				"north": {"uv": [1, 3, 6, 3.575], "texture": "#0"},
				"east": {"uv": [1, 3, 6, 3.575], "texture": "#0"},
				"south": {"uv": [1, 3, 6, 3.575], "texture": "#0"},
				"west": {"uv": [1, 3, 6, 3.575], "texture": "#0"}
			}
		},
		{
			"from": [1.987, -3.754, 2.18],
			"to": [4.507, 3.99, 4.73],
			"rotation": {"angle": 0, "axis": "y", "origin": [3.247, 6.6255, 3.44]},
			"faces": {
				"north": {"uv": [1, 3, 6, 3.575], "texture": "#0"},
				"east": {"uv": [1, 3, 6, 3.575], "texture": "#0"},
				"south": {"uv": [1, 3, 6, 3.575], "texture": "#0"},
				"west": {"uv": [1, 3, 6, 3.575], "texture": "#0"},
				"up": {"uv": [10, 5, 14.999, 10], "rotation": 90, "texture": "#0"}
			}
		},
		{
			"from": [11.21045, -5.5414, 2.33375],
			"to": [13.66745, 1.09275, 4.586],
			"rotation": {"angle": -22.5, "axis": "y", "origin": [12.43895, 8.36236, 3.56225]},
			"faces": {
				"north": {"uv": [1, 3, 6, 3.575], "texture": "#0"},
				"east": {"uv": [1, 3, 6, 3.575], "texture": "#0"},
				"south": {"uv": [1, 3, 6, 3.575], "texture": "#0"},
				"west": {"uv": [1, 3, 6, 3.575], "texture": "#0"},
				"up": {"uv": [10, 5, 14.999, 10], "rotation": 90, "texture": "#0"}
			}
		},
		{
			"from": [11.51045, 0.6586, 2.63375],
			"to": [13.36745, 4.29275, 4.286],
			"rotation": {"angle": -22.5, "axis": "y", "origin": [12.43895, 10.36236, 3.56225]},
			"faces": {
				"north": {"uv": [1, 3, 6, 3.575], "texture": "#0"},
				"east": {"uv": [1, 3, 6, 3.575], "texture": "#0"},
				"south": {"uv": [1, 3, 6, 3.575], "texture": "#0"},
				"west": {"uv": [1, 3, 6, 3.575], "texture": "#0"}
			}
		},
		{
			"from": [11.21045, 4.0586, 2.33375],
			"to": [13.66745, 5.59275, 4.586],
			"rotation": {"angle": -22.5, "axis": "y", "origin": [12.43895, 10.56236, 3.56225]},
			"faces": {
				"north": {"uv": [1, 3, 6, 3.575], "texture": "#0"},
				"east": {"uv": [1, 3, 6, 3.575], "texture": "#0"},
				"south": {"uv": [1, 3, 6, 3.575], "texture": "#0"},
				"west": {"uv": [1, 3, 6, 3.575], "texture": "#0"},
				"down": {"uv": [10, 5, 14.999, 10], "rotation": 90, "texture": "#0"}
			}
		},
		{
			"from": [2.75642, -4.50864, 11.4015],
			"to": [4.77462, 0.3449, 13.5036],
			"rotation": {"angle": -22.5, "axis": "y", "origin": [3.67802, 6.0682, 12.5481]},
			"faces": {
				"north": {"uv": [1, 3, 6, 3.575], "texture": "#0"},
				"east": {"uv": [1, 3, 6, 3.575], "texture": "#0"},
				"south": {"uv": [1, 3, 6, 3.575], "texture": "#0"},
				"west": {"uv": [1, 3, 6, 3.575], "texture": "#0"},
				"up": {"uv": [10, 5, 14.999, 10], "rotation": 90, "texture": "#0"}
			}
		},
		{
			"from": [2.93142, -3.38364, 11.5515],
			"to": [4.59962, 2.2449, 13.2786],
			"rotation": {"angle": -22.5, "axis": "y", "origin": [3.67802, 7.1932, 12.5481]},
			"faces": {
				"north": {"uv": [1, 3, 6, 3.575], "texture": "#0"},
				"east": {"uv": [1, 3, 6, 3.575], "texture": "#0"},
				"south": {"uv": [1, 3, 6, 3.575], "texture": "#0"},
				"west": {"uv": [1, 3, 6, 3.575], "texture": "#0"}
			}
		},
		{
			"from": [2.75642, 2.09136, 11.4015],
			"to": [4.77462, 2.9449, 13.5036],
			"rotation": {"angle": -22.5, "axis": "y", "origin": [3.67802, 7.3682, 12.5481]},
			"faces": {
				"north": {"uv": [1, 3, 6, 3.575], "texture": "#0"},
				"east": {"uv": [1, 3, 6, 3.575], "texture": "#0"},
				"south": {"uv": [1, 3, 6, 3.575], "texture": "#0"},
				"west": {"uv": [1, 3, 6, 3.575], "texture": "#0"},
				"down": {"uv": [10, 5, 14.999, 10], "rotation": 90, "texture": "#0"}
			}
		},
		{
			"from": [3.03634, -3.51949, 7.29378],
			"to": [4.2288, 0.73335, 8.38687],
			"rotation": {"angle": -45, "axis": "y", "origin": [3.63257, 1.98047, 7.89001]},
			"faces": {
				"north": {"uv": [1, 3, 6, 3.575], "texture": "#0"},
				"east": {"uv": [1, 3, 6, 3.575], "texture": "#0"},
				"south": {"uv": [1, 3, 6, 3.575], "texture": "#0"},
				"west": {"uv": [1, 3, 6, 3.575], "texture": "#0"},
				"up": {"uv": [10, 5, 14.999, 10], "rotation": 90, "texture": "#0"}
			}
		},
		{
			"from": [7.31071, -3.81949, 2.89378],
			"to": [8.4038, 0.43335, 4.08624],
			"rotation": {"angle": 0, "axis": "y", "origin": [7.80757, 1.68047, 3.49001]},
			"faces": {
				"north": {"uv": [1, 3, 6, 3.575], "texture": "#0"},
				"east": {"uv": [1, 3, 6, 3.575], "texture": "#0"},
				"south": {"uv": [1, 3, 6, 3.575], "texture": "#0"},
				"west": {"uv": [1, 3, 6, 3.575], "texture": "#0"},
				"up": {"uv": [10, 5, 14.999, 10], "rotation": 180, "texture": "#0"}
			}
		},
		{
			"from": [6.82587, -3.15229, 7.01129],
			"to": [8.49532, 2.80169, 8.54162],
			"rotation": {"angle": -45, "axis": "y", "origin": [7.6606, 4.54765, 7.84602]},
			"faces": {
				"north": {"uv": [1, 3, 6, 3.575], "texture": "#0"},
				"east": {"uv": [1, 3, 6, 3.575], "texture": "#0"},
				"south": {"uv": [1, 3, 6, 3.575], "texture": "#0"},
				"west": {"uv": [1, 3, 6, 3.575], "texture": "#0"},
				"up": {"uv": [10, 5, 14.999, 10], "rotation": 90, "texture": "#0"}
			}
		},
		{
			"from": [6.8605, -2.9066, 12.9479],
			"to": [7.93173, 1.26118, 14.11652],
			"rotation": {"angle": 22.5, "axis": "y", "origin": [7.34742, 2.48336, 13.53221]},
			"faces": {
				"north": {"uv": [1, 3, 6, 3.575], "texture": "#0"},
				"east": {"uv": [1, 3, 6, 3.575], "texture": "#0"},
				"south": {"uv": [1, 3, 6, 3.575], "texture": "#0"},
				"west": {"uv": [1, 3, 6, 3.575], "texture": "#0"},
				"up": {"uv": [10, 5, 14.999, 10], "rotation": 180, "texture": "#0"}
			}
		},
		{
			"from": [12.23634, -2.31949, 6.94378],
			"to": [13.4288, 1.93335, 8.03687],
			"rotation": {"angle": -45, "axis": "y", "origin": [12.83257, 3.18047, 7.54001]},
			"faces": {
				"north": {"uv": [1, 3, 6, 3.575], "texture": "#0"},
				"east": {"uv": [1, 3, 6, 3.575], "texture": "#0"},
				"south": {"uv": [1, 3, 6, 3.575], "texture": "#0"},
				"west": {"uv": [1, 3, 6, 3.575], "texture": "#0"},
				"up": {"uv": [10, 5, 14.999, 10], "rotation": 90, "texture": "#0"}
			}
		}
	]
}