{
	"credit": "Made with Blockbench",
	"parent": "spurce_trapdoor",
	"textures": {
		"0": "block/spruce_trapdoor",
		"particle": "block/spruce_trapdoor"
	},
	"elements": [
		{
			"from": [0, 11.2, 14],
			"to": [16, 15.2, 15],
			"rotation": {"angle": 0, "axis": "y", "origin": [8, 8, 21]},
			"faces": {
				"north": {"uv": [3, 16, 7, 0], "rotation": 90, "texture": "#0"},
				"east": {"uv": [0, 1, 4, 0], "rotation": 270, "texture": "#0"},
				"south": {"uv": [3, 16, 7, 0], "rotation": 90, "texture": "#0"},
				"west": {"uv": [0, 1, 4, 0], "rotation": 90, "texture": "#0"},
				"up": {"uv": [0, 1, 16, 0], "rotation": 180, "texture": "#0"},
				"down": {"uv": [0, 1, 16, 0], "texture": "#0"}
			}
		},
		{
			"from": [3.475, 0, 13],
			"to": [6.45, 16, 14],
			"rotation": {"angle": 0, "axis": "y", "origin": [8, 8, 21]},
			"faces": {
				"north": {"uv": [7, 0, 3, 16], "rotation": 180, "texture": "#0"},
				"east": {"uv": [0, 1, 16, 0], "rotation": 270, "texture": "#0"},
				"south": {"uv": [7, 0, 3, 16], "texture": "#0"},
				"west": {"uv": [0, 1, 16, 0], "rotation": 90, "texture": "#0"},
				"up": {"uv": [3, 16, 7, 15], "rotation": 180, "texture": "#0"},
				"down": {"uv": [3, 1, 7, 0], "rotation": 180, "texture": "#0"}
			}
		},
		{
			"from": [6.6, 0, 13],
			"to": [9.65, 16, 14],
			"rotation": {"angle": 0, "axis": "y", "origin": [8, 8, 21]},
			"faces": {
				"north": {"uv": [10, 0, 7, 16], "rotation": 180, "texture": "#0"},
				"east": {"uv": [0, 1, 16, 0], "rotation": 270, "texture": "#0"},
				"south": {"uv": [10, 0, 7, 16], "texture": "#0"},
				"west": {"uv": [0, 1, 16, 0], "rotation": 90, "texture": "#0"},
				"up": {"uv": [6, 16, 9, 15], "texture": "#0"},
				"down": {"uv": [7, 1, 10, 0], "rotation": 180, "texture": "#0"}
			}
		},
		{
			"from": [9.9, 0, 13],
			"to": [12.8, 16, 14],
			"rotation": {"angle": 0, "axis": "y", "origin": [8, 8, 21]},
			"faces": {
				"north": {"uv": [13, 0, 10, 16], "rotation": 180, "texture": "#0"},
				"east": {"uv": [0, 1, 16, 0], "rotation": 270, "texture": "#0"},
				"south": {"uv": [13, 0, 10, 16], "texture": "#0"},
				"west": {"uv": [0, 1, 16, 0], "rotation": 90, "texture": "#0"},
				"up": {"uv": [10, 16, 13, 15], "rotation": 180, "texture": "#0"},
				"down": {"uv": [10, 1, 13, 0], "rotation": 180, "texture": "#0"}
			}
		},
		{
			"from": [12.975, 0, 13],
			"to": [15.7, 16, 14],
			"rotation": {"angle": 0, "axis": "y", "origin": [8, 8, 21]},
			"faces": {
				"north": {"uv": [16, 0, 13, 16], "rotation": 180, "texture": "#0"},
				"east": {"uv": [0, 1, 16, 0], "rotation": 270, "texture": "#0"},
				"south": {"uv": [16, 0, 13, 16], "texture": "#0"},
				"west": {"uv": [0, 1, 16, 0], "rotation": 90, "texture": "#0"},
				"up": {"uv": [13, 16, 16, 15], "rotation": 180, "texture": "#0"},
				"down": {"uv": [13, 1, 16, 0], "rotation": 180, "texture": "#0"}
			}
		},
		{
			"from": [1.025, 0, 15],
			"to": [4.875, 16, 16],
			"rotation": {"angle": 0, "axis": "y", "origin": [8, 8, 21]},
			"faces": {
				"north": {"uv": [7, 0, 3, 16], "texture": "#0"},
				"east": {"uv": [0, 1, 16, 0], "rotation": 270, "texture": "#0"},
				"south": {"uv": [7, 0, 3, 16], "rotation": 180, "texture": "#0"},
				"west": {"uv": [0, 1, 16, 0], "rotation": 90, "texture": "#0"},
				"up": {"uv": [0, 1, 4, 0], "rotation": 180, "texture": "#0"},
				"down": {"uv": [0, 1, 4, 0], "texture": "#0"}
			}
		},
		{
			"from": [0, 1.3, 14],
			"to": [16, 5.2, 15],
			"rotation": {"angle": 0, "axis": "y", "origin": [8, 8, 21]},
			"faces": {
				"north": {"uv": [9, 16, 13, 0], "rotation": 270, "texture": "#0"},
				"east": {"uv": [0, 1, 4, 0], "rotation": 270, "texture": "#0"},
				"south": {"uv": [9, 16, 13, 0], "rotation": 270, "texture": "#0"},
				"west": {"uv": [0, 1, 4, 0], "rotation": 90, "texture": "#0"},
				"up": {"uv": [0, 1, 16, 0], "rotation": 180, "texture": "#0"},
				"down": {"uv": [0, 1, 16, 0], "texture": "#0"}
			}
		},
		{
			"from": [0.325, 0, 13],
			"to": [3.3, 16, 14],
			"rotation": {"angle": 0, "axis": "y", "origin": [8, 8, 21]},
			"faces": {
				"north": {"uv": [4, 0, 0, 16], "texture": "#0"},
				"east": {"uv": [0, 1, 16, 0], "rotation": 270, "texture": "#0"},
				"south": {"uv": [4, 0, 0, 16], "rotation": 180, "texture": "#0"},
				"west": {"uv": [0, 1, 16, 0], "rotation": 90, "texture": "#0"},
				"up": {"uv": [0, 16, 4, 15], "rotation": 180, "texture": "#0"},
				"down": {"uv": [0, 1, 4, 0], "texture": "#0"}
			}
		},
		{
			"from": [11.225, 0, 15],
			"to": [15.125, 16, 16],
			"rotation": {"angle": 0, "axis": "y", "origin": [8, 8, 21]},
			"faces": {
				"north": {"uv": [13, 0, 9, 16], "rotation": 180, "texture": "#0"},
				"east": {"uv": [0, 1, 16, 0], "rotation": 270, "texture": "#0"},
				"south": {"uv": [13, 0, 9, 16], "texture": "#0"},
				"west": {"uv": [0, 1, 16, 0], "rotation": 90, "texture": "#0"},
				"up": {"uv": [0, 1, 4, 0], "rotation": 180, "texture": "#0"},
				"down": {"uv": [0, 1, 4, 0], "texture": "#0"}
			}
		},
		{
			"from": [6.75, 14, 12.65],
			"to": [9.25, 15, 13.025],
			"rotation": {"angle": 0, "axis": "y", "origin": [8, 8, 21]},
			"faces": {
				"north": {"uv": [3, 3, 2, 4], "texture": "#0"},
				"east": {"uv": [2, 4, 3, 3], "rotation": 270, "texture": "#0"},
				"west": {"uv": [2, 4, 3, 3], "rotation": 90, "texture": "#0"},
				"up": {"uv": [2, 4, 3, 3], "rotation": 180, "texture": "#0"},
				"down": {"uv": [2, 4, 3, 3], "texture": "#0"}
			}
		},
		{
			"from": [6.75, 10.55, 12.65],
			"to": [9.25, 11.55, 13.025],
			"rotation": {"angle": 0, "axis": "y", "origin": [8, 8, 21]},
			"faces": {
				"north": {"uv": [3, 3, 2, 4], "texture": "#0"},
				"east": {"uv": [2, 4, 3, 3], "rotation": 270, "texture": "#0"},
				"west": {"uv": [2, 4, 3, 3], "rotation": 90, "texture": "#0"},
				"up": {"uv": [2, 4, 3, 3], "rotation": 180, "texture": "#0"},
				"down": {"uv": [2, 4, 3, 3], "texture": "#0"}
			}
		},
		{
			"from": [5.725, 11.525, 12.65],
			"to": [6.725, 14.025, 13.025],
			"rotation": {"angle": 0, "axis": "y", "origin": [8, 8, 21]},
			"faces": {
				"north": {"uv": [2, 4, 3, 3], "rotation": 270, "texture": "#0"},
				"east": {"uv": [2, 4, 3, 3], "rotation": 270, "texture": "#0"},
				"west": {"uv": [2, 4, 3, 3], "rotation": 90, "texture": "#0"},
				"up": {"uv": [2, 4, 3, 3], "rotation": 180, "texture": "#0"},
				"down": {"uv": [2, 4, 3, 3], "texture": "#0"}
			}
		},
		{
			"from": [9.275, 11.525, 12.65],
			"to": [10.275, 14.025, 13.025],
			"rotation": {"angle": 0, "axis": "y", "origin": [8, 8, 21]},
			"faces": {
				"north": {"uv": [2, 4, 3, 3], "rotation": 270, "texture": "#0"},
				"east": {"uv": [2, 4, 3, 3], "rotation": 270, "texture": "#0"},
				"west": {"uv": [2, 4, 3, 3], "rotation": 90, "texture": "#0"},
				"up": {"uv": [2, 4, 3, 3], "rotation": 180, "texture": "#0"},
				"down": {"uv": [2, 4, 3, 3], "texture": "#0"}
			}
		}
	]
}