{
	"credit": "Made with Blockbench",
	"textures": {
		"0": "block/beetroots_stage3",
		"particle": "block/beetroots_stage3"
	},
	"elements": [
		{
			"from": [1.65, -4.925, 2.5],
			"to": [4.675, -0.925, 5.5],
			"rotation": {"angle": -22.5, "axis": "y", "origin": [3.20625, 1.02813, 3.8875]},
			"faces": {
				"north": {"uv": [6, 15, 10, 16], "rotation": 180, "texture": "#0"},
				"east": {"uv": [6, 15, 10, 16], "texture": "#0"},
				"south": {"uv": [6, 15, 10, 16], "rotation": 180, "texture": "#0"},
				"west": {"uv": [6, 15, 10, 16], "texture": "#0"},
				"up": {"uv": [6, 13, 10, 16], "texture": "#0"}
			}
		},
		{
			"from": [2.7, -4.925, 10.2],
			"to": [5.625, -0.925, 13.175],
			"rotation": {"angle": 0, "axis": "y", "origin": [10.25, 6.075, 17.825]},
			"faces": {
				"north": {"uv": [6, 15, 10, 16], "rotation": 180, "texture": "#0"},
				"east": {"uv": [6, 15, 10, 16], "texture": "#0"},
				"south": {"uv": [6, 15, 10, 16], "rotation": 180, "texture": "#0"},
				"west": {"uv": [6, 15, 10, 16], "texture": "#0"},
				"up": {"uv": [6, 13, 10, 16], "texture": "#0"}
			}
		},
		{
			"from": [10.125, -4.925, 10.225],
			"to": [13.175, -0.925, 13.15],
			"rotation": {"angle": -22.5, "axis": "y", "origin": [11.5375, 3.1625, 11.775]},
			"faces": {
				"north": {"uv": [6, 15, 10, 16], "rotation": 180, "texture": "#0"},
				"east": {"uv": [6, 15, 10, 16], "texture": "#0"},
				"south": {"uv": [6, 15, 10, 16], "rotation": 180, "texture": "#0"},
				"west": {"uv": [6, 15, 10, 16], "texture": "#0"},
				"up": {"uv": [6, 13, 10, 16], "texture": "#0"}
			}
		},
		{
			"from": [10.05, -4.925, 3.075],
			"to": [13.175, -0.925, 6.15],
			"rotation": {"angle": 22.5, "axis": "y", "origin": [11.5375, 3.1625, 4.6]},
			"faces": {
				"north": {"uv": [6, 15, 10, 16], "rotation": 180, "texture": "#0"},
				"east": {"uv": [6, 15, 10, 16], "texture": "#0"},
				"south": {"uv": [6, 15, 10, 16], "rotation": 180, "texture": "#0"},
				"west": {"uv": [6, 15, 10, 16], "texture": "#0"},
				"up": {"uv": [6, 13, 10, 16], "texture": "#0"}
			}
		},
		{
			"from": [2.05, -1.325, 2.8],
			"to": [4.275, -0.25, 5.1],
			"rotation": {"angle": -22.5, "axis": "y", "origin": [3.20625, 1.02813, 3.8875]},
			"faces": {
				"north": {"uv": [6, 15, 10, 16], "rotation": 180, "texture": "#0"},
				"east": {"uv": [6, 15, 10, 16], "texture": "#0"},
				"south": {"uv": [6, 15, 10, 16], "rotation": 180, "texture": "#0"},
				"west": {"uv": [6, 15, 10, 16], "texture": "#0"},
				"up": {"uv": [12, 13, 15, 16], "texture": "#0"}
			}
		},
		{
			"from": [3.1, -1.325, 10.5],
			"to": [5.225, -0.25, 12.775],
			"rotation": {"angle": 0, "axis": "y", "origin": [10.25, 7.05, 17.825]},
			"faces": {
				"north": {"uv": [6, 15, 10, 16], "rotation": 180, "texture": "#0"},
				"east": {"uv": [6, 15, 10, 16], "texture": "#0"},
				"south": {"uv": [6, 15, 10, 16], "rotation": 180, "texture": "#0"},
				"west": {"uv": [6, 15, 10, 16], "texture": "#0"},
				"up": {"uv": [12, 13, 15, 16], "texture": "#0"}
			}
		},
		{
			"from": [10.525, -1.325, 10.525],
			"to": [12.775, -0.25, 12.75],
			"rotation": {"angle": -22.5, "axis": "y", "origin": [11.5375, 3.1625, 11.775]},
			"faces": {
				"north": {"uv": [6, 15, 10, 16], "rotation": 180, "texture": "#0"},
				"east": {"uv": [6, 15, 10, 16], "texture": "#0"},
				"south": {"uv": [6, 15, 10, 16], "rotation": 180, "texture": "#0"},
				"west": {"uv": [6, 15, 10, 16], "texture": "#0"},
				"up": {"uv": [12, 13, 15, 16], "texture": "#0"}
			}
		},
		{
			"from": [10.45, -1.325, 3.375],
			"to": [12.775, -0.25, 5.75],
			"rotation": {"angle": 22.5, "axis": "y", "origin": [11.5375, 3.1625, 4.6]},
			"faces": {
				"north": {"uv": [6, 15, 10, 16], "rotation": 180, "texture": "#0"},
				"east": {"uv": [6, 15, 10, 16], "texture": "#0"},
				"south": {"uv": [6, 15, 10, 16], "rotation": 180, "texture": "#0"},
				"west": {"uv": [6, 15, 10, 16], "texture": "#0"},
				"up": {"uv": [12, 13, 15, 16], "texture": "#0"}
			}
		},
		{
			"from": [0.95045, -0.325, 3.90226],
			"to": [5.70045, 5.725, 3.90226],
			"rotation": {"angle": -45, "axis": "y", "origin": [3.20625, 1.02813, 3.8875]},
			"faces": {
				"north": {"uv": [10, 6, 16, 14], "texture": "#0"},
				"east": {"uv": [10, 6, 16, 14], "texture": "#0"},
				"south": {"uv": [10, 6, 16, 14], "texture": "#0"},
				"west": {"uv": [10, 6, 16, 14], "texture": "#0"},
				"up": {"uv": [10, 6, 16, 14], "texture": "#0"},
				"down": {"uv": [10, 6, 16, 14], "texture": "#0"}
			}
		},
		{
			"from": [1.825, -0.325, 11.775],
			"to": [6.4, 5.225, 11.775],
			"rotation": {"angle": -22.5, "axis": "y", "origin": [4.1125, 3.1625, 11.775]},
			"faces": {
				"north": {"uv": [10, 6, 16, 14], "texture": "#0"},
				"east": {"uv": [10, 6, 16, 14], "texture": "#0"},
				"south": {"uv": [10, 6, 16, 14], "texture": "#0"},
				"west": {"uv": [10, 6, 16, 14], "texture": "#0"},
				"up": {"uv": [10, 6, 16, 14], "texture": "#0"},
				"down": {"uv": [10, 6, 16, 14], "texture": "#0"}
			}
		},
		{
			"from": [9.25, -0.325, 11.775],
			"to": [13.825, 5.225, 11.775],
			"rotation": {"angle": -45, "axis": "y", "origin": [11.5375, 3.1625, 11.775]},
			"faces": {
				"north": {"uv": [10, 6, 16, 14], "texture": "#0"},
				"east": {"uv": [10, 6, 16, 14], "texture": "#0"},
				"south": {"uv": [10, 6, 16, 14], "texture": "#0"},
				"west": {"uv": [10, 6, 16, 14], "texture": "#0"},
				"up": {"uv": [10, 6, 16, 14], "texture": "#0"},
				"down": {"uv": [10, 6, 16, 14], "texture": "#0"}
			}
		},
		{
			"from": [9.25, -0.325, 4.6],
			"to": [13.825, 5.225, 4.6],
			"rotation": {"angle": 0, "axis": "y", "origin": [11.5375, 3.1625, 4.6]},
			"faces": {
				"north": {"uv": [10, 6, 16, 14], "texture": "#0"},
				"east": {"uv": [10, 6, 16, 14], "texture": "#0"},
				"south": {"uv": [10, 6, 16, 14], "texture": "#0"},
				"west": {"uv": [10, 6, 16, 14], "texture": "#0"},
				"up": {"uv": [10, 6, 16, 14], "texture": "#0"},
				"down": {"uv": [10, 6, 16, 14], "texture": "#0"}
			}
		},
		{
			"from": [3.13795, -0.325, 1.61476],
			"to": [3.13795, 5.225, 6.18976],
			"rotation": {"angle": -45, "axis": "y", "origin": [3.20625, 1.02813, 3.8875]},
			"faces": {
				"north": {"uv": [10, 6, 16, 14], "texture": "#0"},
				"east": {"uv": [10, 6, 16, 14], "texture": "#0"},
				"south": {"uv": [10, 6, 16, 14], "texture": "#0"},
				"west": {"uv": [10, 6, 16, 14], "texture": "#0"},
				"up": {"uv": [10, 6, 16, 14], "rotation": 90, "texture": "#0"},
				"down": {"uv": [10, 6, 16, 14], "rotation": 270, "texture": "#0"}
			}
		},
		{
			"from": [4.1125, -0.325, 9.3375],
			"to": [4.1125, 5.45, 14.0625],
			"rotation": {"angle": -22.5, "axis": "y", "origin": [4.1125, 3.1625, 11.775]},
			"faces": {
				"north": {"uv": [10, 6, 16, 14], "texture": "#0"},
				"east": {"uv": [10, 6, 16, 14], "texture": "#0"},
				"south": {"uv": [10, 6, 16, 14], "texture": "#0"},
				"west": {"uv": [10, 6, 16, 14], "texture": "#0"},
				"up": {"uv": [10, 6, 16, 14], "rotation": 90, "texture": "#0"},
				"down": {"uv": [10, 6, 16, 14], "rotation": 270, "texture": "#0"}
			}
		},
		{
			"from": [11.5375, -0.325, 9.4875],
			"to": [11.5375, 5.5, 14.0625],
			"rotation": {"angle": -45, "axis": "y", "origin": [11.5375, 3.1625, 11.775]},
			"faces": {
				"north": {"uv": [10, 6, 16, 14], "texture": "#0"},
				"east": {"uv": [10, 6, 16, 14], "texture": "#0"},
				"south": {"uv": [10, 6, 16, 14], "texture": "#0"},
				"west": {"uv": [10, 6, 16, 14], "texture": "#0"},
				"up": {"uv": [10, 6, 16, 14], "rotation": 90, "texture": "#0"},
				"down": {"uv": [10, 6, 16, 14], "rotation": 270, "texture": "#0"}
			}
		},
		{
			"from": [11.5375, -0.325, 2.3125],
			"to": [11.5375, 5.8, 6.8875],
			"rotation": {"angle": 0, "axis": "y", "origin": [11.5375, 3.1625, 4.6]},
			"faces": {
				"north": {"uv": [10, 6, 16, 14], "texture": "#0"},
				"east": {"uv": [10, 6, 16, 14], "texture": "#0"},
				"south": {"uv": [10, 6, 16, 14], "texture": "#0"},
				"west": {"uv": [10, 6, 16, 14], "texture": "#0"},
				"up": {"uv": [10, 6, 16, 14], "rotation": 90, "texture": "#0"},
				"down": {"uv": [10, 6, 16, 14], "rotation": 270, "texture": "#0"}
			}
		}
	]
}