{
	"credit": "Made with Blockbench",
	"texture_size": [32, 32],
	"textures": {
		"0": "./riotshield",
		"particle": "./riotshield"
	},
	"elements": [
		{
			"from": [4, 0, 5],
			"to": [12, 22.25, 6],
			"rotation": {"angle": 0, "axis": "y", "origin": [8, 15, 5.5]},
			"faces": {
				"north": {"uv": [5, 4.5, 9, 15.625], "texture": "#0"},
				"east": {"uv": [0, 0, 0.5, 11.125], "texture": "#0"},
				"south": {"uv": [5, 4.5, 9, 15.625], "texture": "#0"},
				"west": {"uv": [0, 0, 0.5, 11.125], "texture": "#0"},
				"up": {"uv": [0, 0, 4, 0.5], "texture": "#0"},
				"down": {"uv": [0, 0.5, 4, 1], "texture": "#0"}
			}
		},
		{
			"from": [4, 27.725, 5],
			"to": [12, 29.975, 6],
			"rotation": {"angle": 0, "axis": "y", "origin": [8, 22.725, 5.5]},
			"faces": {
				"north": {"uv": [5, 0, 9, 1.125], "texture": "#0"},
				"east": {"uv": [0, 0, 0.5, 1.125], "texture": "#0"},
				"south": {"uv": [0, 0, 4, 1.125], "texture": "#0"},
				"west": {"uv": [0, 0, 0.5, 1.125], "texture": "#0"},
				"up": {"uv": [0, 0, 4, 0.5], "texture": "#0"},
				"down": {"uv": [0, 0, 4, 0.5], "texture": "#0"}
			}
		},
		{
			"from": [12, 0.25, 5.5],
			"to": [14, 29.75, 6.5],
			"rotation": {"angle": 0, "axis": "y", "origin": [24, 8, 13.5]},
			"faces": {
				"north": {"uv": [4, 0, 5, 14.75], "texture": "#0"},
				"east": {"uv": [0, 0, 0.5, 14.75], "texture": "#0"},
				"south": {"uv": [0, 0, 1, 14.75], "texture": "#0"},
				"west": {"uv": [0, 0, 0.5, 14.75], "texture": "#0"},
				"up": {"uv": [0, 0, 1, 0.5], "texture": "#0"},
				"down": {"uv": [0, 0, 1, 0.5], "texture": "#0"}
			}
		},
		{
			"from": [2, 0.25, 5.5],
			"to": [4, 29.75, 6.5],
			"rotation": {"angle": 0, "axis": "y", "origin": [-8, 8, 13.5]},
			"faces": {
				"north": {"uv": [10, 0, 11, 14.75], "texture": "#0"},
				"east": {"uv": [0.5, 0, 1, 14.75], "texture": "#0"},
				"south": {"uv": [1, 0, 2, 14.75], "texture": "#0"},
				"west": {"uv": [0.5, 0, 1, 14.75], "texture": "#0"},
				"up": {"uv": [1, 0, 2, 0.5], "texture": "#0"},
				"down": {"uv": [1, 0, 2, 0.5], "texture": "#0"}
			}
		},
		{
			"from": [14, 0.5, 6.25],
			"to": [16, 29.5, 7.25],
			"rotation": {"angle": 0, "axis": "y", "origin": [26, 8, 14.25]},
			"faces": {
				"north": {"uv": [2, 0, 3, 14.5], "texture": "#0"},
				"east": {"uv": [0, 0, 0.5, 14.5], "texture": "#0"},
				"south": {"uv": [0, 0, 1, 14.5], "texture": "#0"},
				"west": {"uv": [0, 0, 0.5, 14.5], "texture": "#0"},
				"up": {"uv": [0, 0, 1, 0.5], "texture": "#0"},
				"down": {"uv": [0, 0, 1, 0.5], "texture": "#0"}
			}
		},
		{
			"from": [0, 0.5, 6.25],
			"to": [2, 29.5, 7.25],
			"rotation": {"angle": 0, "axis": "y", "origin": [-10, 8, 14.25]},
			"faces": {
				"north": {"uv": [12.5, 0, 13.5, 14.5], "texture": "#0"},
				"east": {"uv": [0.5, 0, 1, 14.5], "texture": "#0"},
				"south": {"uv": [1, 0, 2, 14.5], "texture": "#0"},
				"west": {"uv": [0.5, 0, 1, 14.5], "texture": "#0"},
				"up": {"uv": [1, 0, 2, 0.5], "texture": "#0"},
				"down": {"uv": [1, 0, 2, 0.5], "texture": "#0"}
			}
		},
		{
			"from": [16, 1.5, 7],
			"to": [17, 28.5, 8],
			"rotation": {"angle": 0, "axis": "y", "origin": [28, 8, 15]},
			"faces": {
				"north": {"uv": [0, 0, 0.5, 13.5], "texture": "#0"},
				"east": {"uv": [0, 0, 0.5, 13.5], "texture": "#0"},
				"south": {"uv": [0, 0, 0.5, 13.5], "texture": "#0"},
				"west": {"uv": [0, 0, 0.5, 13.5], "texture": "#0"},
				"up": {"uv": [0, 0, 0.5, 0.5], "texture": "#0"},
				"down": {"uv": [0, 0, 0.5, 0.5], "texture": "#0"}
			}
		},
		{
			"from": [-1, 1.5, 7],
			"to": [0, 28.5, 8],
			"rotation": {"angle": 0, "axis": "y", "origin": [-12, 8, 15]},
			"faces": {
				"north": {"uv": [15.5, 0, 16, 13.5], "texture": "#0"},
				"east": {"uv": [0.5, 0, 1, 13.5], "texture": "#0"},
				"south": {"uv": [0.5, 0, 1, 13.5], "texture": "#0"},
				"west": {"uv": [0.5, 0, 1, 13.5], "texture": "#0"},
				"up": {"uv": [0.5, 0, 1, 0.5], "texture": "#0"},
				"down": {"uv": [0.5, 0, 1, 0.5], "texture": "#0"}
			}
		}
	],
	"display": {
		"thirdperson_righthand": {
			"rotation": [73, 0, 0],
			"translation": [-6.25, 1, -3.5]
		},
		"thirdperson_lefthand": {
			"rotation": [73, 0, 0],
			"translation": [-6.25, 1, -3.5]
		},
		"firstperson_righthand": {
			"translation": [-9, -27.5, 8],
			"scale": [2.09, 2.09, 2.09]
		},
		"firstperson_lefthand": {
			"translation": [-9, -27.5, 8],
			"scale": [2.09, 2.09, 2.09]
		},
		"ground": {
			"scale": [1.14, 1.14, 1.14]
		},
		"gui": {
			"rotation": [-25, -180, -24],
			"translation": [1.5, -3, 0],
			"scale": [0.55, 0.55, 0.55]
		},
		"fixed": {
			"translation": [0, -10.75, 0],
			"scale": [2.32, 2.32, 2.32]
		}
	}
}