{
    "providers": [
        {
            "type": "bitmap",
            "file": "minecraft:font/enchantment_icons.png",
            "ascent": 7,
            "chars": [
                "\u2b5c\u2b5d\u2b5e\u2b5f\u2b60\u2b61\u2b62",
                "\u2b63\u2b64\u2b65\u2b66\u2b67\u2b68\u2b69",
                "\u2b6a\u2b6b\u2b6c\u2b6d\u2b6e\u2b6f\u2b70",
                "\u2b71\u2b72\u2b73\u2b74\u2b75\u2b76\u2b77",
                "\u2b78\u2b79\u2b7a\u2b7b\u2b7c\u2b7d\u2b7e",
                "\u2b7f\u2b80\u2b81\u2b82\u2b83\u2b84\u2b85",
                "\u2b86\u2b87\u2b88\u2b89\u2b8a\u2b8b\u2b8c"
            ]
        }
    ]
}
