{
	"credit": "Made with Blockbench",
	"textures": {
		"0": "./texture",
		"particle": "./texture"
	},
	"elements": [
		{
			"name": "hexadecagon",
			"from": [7.80109, 7, -0.75],
			"to": [8.19891, 9, 15.3],
			"rotation": {"angle": -45, "axis": "z", "origin": [8, 8, 8]},
			"faces": {
				"north": {"uv": [0, 7.75, 0.398, 9.75], "texture": "#0", "cullface": "north"},
				"south": {"uv": [0, 0, 1, 1], "texture": "#0", "cullface": "south"},
				"up": {"uv": [12.5, 0, 12.898, 16], "rotation": 180, "texture": "#0"},
				"down": {"uv": [13.5, 0, 13.898, 16], "texture": "#0"}
			}
		},
		{
			"name": "hexadecagon",
			"from": [7.80109, 7, -0.75],
			"to": [8.19891, 9, 15.3],
			"rotation": {"angle": -22.5, "axis": "z", "origin": [8, 8, 8]},
			"faces": {
				"north": {"uv": [0, 7.75, 0.398, 9.75], "texture": "#0", "cullface": "north"},
				"south": {"uv": [0, 0, 1, 1], "texture": "#0", "cullface": "south"},
				"up": {"uv": [11.5, 0, 11.898, 16], "rotation": 180, "texture": "#0"},
				"down": {"uv": [13, 0, 13.398, 16], "texture": "#0"}
			}
		},
		{
			"name": "hexadecagon",
			"from": [7.80109, 7, -0.75],
			"to": [8.19891, 9, 15.3],
			"faces": {
				"north": {"uv": [0, 7.75, 0.398, 9.75], "texture": "#0", "cullface": "north"},
				"south": {"uv": [0, 0, 1, 1], "texture": "#0", "cullface": "south"},
				"up": {"uv": [11, 0, 11.398, 16], "rotation": 180, "texture": "#0"},
				"down": {"uv": [12, 0, 12.398, 16], "texture": "#0"}
			}
		},
		{
			"name": "hexadecagon",
			"from": [7.80109, 7, -0.75],
			"to": [8.19891, 9, 15.3],
			"rotation": {"angle": 22.5, "axis": "z", "origin": [8, 8, 8]},
			"faces": {
				"north": {"uv": [0, 7.75, 0.398, 9.75], "texture": "#0", "cullface": "north"},
				"south": {"uv": [0, 0, 1, 1], "texture": "#0", "cullface": "south"},
				"up": {"uv": [10.25, 0, 10.648, 16], "rotation": 180, "texture": "#0"},
				"down": {"uv": [12.25, 0, 12.648, 16], "texture": "#0"}
			}
		},
		{
			"name": "hexadecagon",
			"from": [7.80109, 7, -0.75],
			"to": [8.19891, 9, 15.3],
			"rotation": {"angle": 45, "axis": "z", "origin": [8, 8, 8]},
			"faces": {
				"north": {"uv": [0, 7.75, 0.398, 9.75], "texture": "#0", "cullface": "north"},
				"south": {"uv": [0, 0, 1, 1], "texture": "#0", "cullface": "south"},
				"up": {"uv": [9.5, 0, 9.898, 16], "rotation": 180, "texture": "#0"},
				"down": {"uv": [11, 0, 11.398, 16], "texture": "#0"}
			}
		},
		{
			"name": "hexadecagon",
			"from": [7, 7.80109, -0.75],
			"to": [9, 8.19891, 15.3],
			"rotation": {"angle": -22.5, "axis": "z", "origin": [8, 8, 8]},
			"faces": {
				"north": {"uv": [0, 7.75, 0.398, 9.75], "rotation": 90, "texture": "#0", "cullface": "north"},
				"east": {"uv": [14.25, 0, 14.648, 16], "rotation": 90, "texture": "#0"},
				"south": {"uv": [0, 0, 1, 1], "texture": "#0", "cullface": "south"},
				"west": {"uv": [8.5, 0, 8.898, 16], "rotation": 90, "texture": "#0"}
			}
		},
		{
			"name": "hexadecagon",
			"from": [7, 7.80109, -0.75],
			"to": [9, 8.19891, 15.3],
			"faces": {
				"north": {"uv": [0, 7.75, 0.398, 9.75], "rotation": 90, "texture": "#0", "cullface": "north"},
				"east": {"uv": [13, 0, 13.398, 16], "rotation": 90, "texture": "#0"},
				"south": {"uv": [0, 0, 1, 1], "texture": "#0", "cullface": "south"},
				"west": {"uv": [9.75, 0, 10.148, 16], "rotation": 90, "texture": "#0"}
			}
		},
		{
			"name": "hexadecagon",
			"from": [7, 7.80109, -0.75],
			"to": [9, 8.19891, 15.3],
			"rotation": {"angle": 22.5, "axis": "z", "origin": [8, 8, 8]},
			"faces": {
				"north": {"uv": [0, 7.75, 0.398, 9.75], "rotation": 90, "texture": "#0", "cullface": "north"},
				"east": {"uv": [13.25, 0, 13.648, 16], "rotation": 90, "texture": "#0"},
				"south": {"uv": [0, 0, 1, 1], "texture": "#0", "cullface": "south"},
				"west": {"uv": [12.75, 0, 13.148, 16], "rotation": 90, "texture": "#0"}
			}
		},
		{
			"from": [7.8, 8.925, -0.65],
			"to": [8.2, 9.5, 0.975],
			"rotation": {"angle": 0, "axis": "y", "origin": [15.6, 16.925, 8]},
			"faces": {
				"north": {"uv": [1.5, 13.5, 2.7, 14.05], "texture": "#0", "cullface": "north"},
				"east": {"uv": [1.5, 13.5, 2.7, 14.05], "texture": "#0"},
				"south": {"uv": [1.25, 12.75, 2.45, 13.3], "texture": "#0"},
				"west": {"uv": [0.25, 9.75, 1.45, 10.3], "texture": "#0"},
				"up": {"uv": [1.5, 12.75, 2.7, 13.3], "texture": "#0"}
			}
		},
		{
			"from": [7.125, 8.45, 13.05],
			"to": [7.125, 9.45, 13.325],
			"rotation": {"angle": 0, "axis": "y", "origin": [15.125, 16.45, 21.05]},
			"faces": {
				"west": {"uv": [0.75, 6.25, 1, 6.5], "texture": "#0"}
			}
		},
		{
			"name": "hexadecagon",
			"from": [8.85538, 8.7, 12.075],
			"to": [8.99462, 9.4, 14.2],
			"rotation": {"angle": -45, "axis": "z", "origin": [8.925, 9.05, 12.575]},
			"faces": {
				"north": {"uv": [1.25, 1.75, 2.25, 2.75], "texture": "#0"},
				"south": {"uv": [1.25, 1.75, 2.25, 2.75], "texture": "#0"},
				"up": {"uv": [4.25, 6.25, 5.25, 7.25], "texture": "#0"},
				"down": {"uv": [4.25, 6.25, 5.25, 7.25], "texture": "#0"}
			}
		},
		{
			"name": "hexadecagon",
			"from": [8.18038, 9.025, 12.075],
			"to": [8.31962, 9.725, 14.2],
			"rotation": {"angle": -45, "axis": "z", "origin": [8.25, 9.375, 12.575]},
			"faces": {
				"north": {"uv": [1.25, 1.75, 2.25, 2.75], "texture": "#0"},
				"south": {"uv": [1.25, 1.75, 2.25, 2.75], "texture": "#0"},
				"up": {"uv": [4.25, 6.25, 5.25, 7.25], "texture": "#0"},
				"down": {"uv": [4.25, 6.25, 5.25, 7.25], "texture": "#0"}
			}
		},
		{
			"name": "hexadecagon",
			"from": [7.43038, 8.95, 12.075],
			"to": [7.56962, 9.65, 14.2],
			"rotation": {"angle": -45, "axis": "z", "origin": [7.5, 9.3, 12.575]},
			"faces": {
				"north": {"uv": [1.25, 1.75, 2.25, 2.75], "texture": "#0"},
				"south": {"uv": [1.25, 1.75, 2.25, 2.75], "texture": "#0"},
				"up": {"uv": [4.25, 6.25, 5.25, 7.25], "texture": "#0"},
				"down": {"uv": [4.25, 6.25, 5.25, 7.25], "texture": "#0"}
			}
		},
		{
			"name": "hexadecagon",
			"from": [8.85538, 8.7, 12.075],
			"to": [8.99462, 9.4, 14.2],
			"rotation": {"angle": -22.5, "axis": "z", "origin": [8.925, 9.05, 12.575]},
			"faces": {
				"north": {"uv": [1.5, 1.5, 2.5, 2.5], "texture": "#0"},
				"south": {"uv": [2, 2, 3, 3], "texture": "#0"},
				"up": {"uv": [3, 6, 4, 7], "texture": "#0"},
				"down": {"uv": [3, 6, 4, 7], "texture": "#0"}
			}
		},
		{
			"name": "hexadecagon",
			"from": [8.18038, 9.025, 12.075],
			"to": [8.31962, 9.725, 14.2],
			"rotation": {"angle": -22.5, "axis": "z", "origin": [8.25, 9.375, 12.575]},
			"faces": {
				"north": {"uv": [1.5, 1.5, 2.5, 2.5], "texture": "#0"},
				"south": {"uv": [2, 2, 3, 3], "texture": "#0"},
				"up": {"uv": [3, 6, 4, 7], "texture": "#0"},
				"down": {"uv": [3, 6, 4, 7], "texture": "#0"}
			}
		},
		{
			"name": "hexadecagon",
			"from": [7.43038, 8.95, 12.075],
			"to": [7.56962, 9.65, 14.2],
			"rotation": {"angle": -22.5, "axis": "z", "origin": [7.5, 9.3, 12.575]},
			"faces": {
				"north": {"uv": [1.5, 1.5, 2.5, 2.5], "texture": "#0"},
				"south": {"uv": [2, 2, 3, 3], "texture": "#0"},
				"up": {"uv": [3, 6, 4, 7], "texture": "#0"},
				"down": {"uv": [3, 6, 4, 7], "texture": "#0"}
			}
		},
		{
			"name": "hexadecagon",
			"from": [8.85538, 8.7, 12.075],
			"to": [8.99462, 9.4, 14.2],
			"rotation": {"angle": 0, "axis": "z", "origin": [8.925, 9.05, 12.575]},
			"faces": {
				"north": {"uv": [1.5, 2.25, 2.5, 3.25], "texture": "#0"},
				"south": {"uv": [2, 1.5, 3, 2.5], "texture": "#0"},
				"up": {"uv": [4.75, 6.5, 5.75, 7.5], "texture": "#0"},
				"down": {"uv": [4.75, 6.5, 5.75, 7.5], "texture": "#0"}
			}
		},
		{
			"name": "hexadecagon",
			"from": [8.18038, 9.025, 12.075],
			"to": [8.31962, 9.725, 14.2],
			"rotation": {"angle": 0, "axis": "z", "origin": [8.25, 9.375, 12.575]},
			"faces": {
				"north": {"uv": [1.5, 2.25, 2.5, 3.25], "texture": "#0"},
				"south": {"uv": [2, 1.5, 3, 2.5], "texture": "#0"},
				"up": {"uv": [4.75, 6.5, 5.75, 7.5], "texture": "#0"},
				"down": {"uv": [4.75, 6.5, 5.75, 7.5], "texture": "#0"}
			}
		},
		{
			"name": "hexadecagon",
			"from": [7.43038, 8.95, 12.075],
			"to": [7.56962, 9.65, 14.2],
			"rotation": {"angle": 0, "axis": "z", "origin": [7.5, 9.3, 12.575]},
			"faces": {
				"north": {"uv": [1.5, 2.25, 2.5, 3.25], "texture": "#0"},
				"south": {"uv": [2, 1.5, 3, 2.5], "texture": "#0"},
				"up": {"uv": [4.75, 6.5, 5.75, 7.5], "texture": "#0"},
				"down": {"uv": [4.75, 6.5, 5.75, 7.5], "texture": "#0"}
			}
		},
		{
			"name": "hexadecagon",
			"from": [8.85538, 8.7, 12.075],
			"to": [8.99462, 9.4, 14.2],
			"rotation": {"angle": 22.5, "axis": "z", "origin": [8.925, 9.05, 12.575]},
			"faces": {
				"north": {"uv": [2, 2, 3.139, 2.875], "texture": "#0"},
				"south": {"uv": [2, 2.25, 3.139, 3.125], "texture": "#0"},
				"up": {"uv": [4.75, 6.25, 5.889, 7.125], "texture": "#0"},
				"down": {"uv": [4.75, 6.25, 5.889, 7.125], "texture": "#0"}
			}
		},
		{
			"name": "hexadecagon",
			"from": [8.18038, 9.025, 12.075],
			"to": [8.31962, 9.725, 14.2],
			"rotation": {"angle": 22.5, "axis": "z", "origin": [8.25, 9.375, 12.575]},
			"faces": {
				"north": {"uv": [2, 2, 3.139, 2.875], "texture": "#0"},
				"south": {"uv": [2, 2.25, 3.139, 3.125], "texture": "#0"},
				"up": {"uv": [4.75, 6.25, 5.889, 7.125], "texture": "#0"},
				"down": {"uv": [4.75, 6.25, 5.889, 7.125], "texture": "#0"}
			}
		},
		{
			"name": "hexadecagon",
			"from": [7.43038, 8.95, 12.075],
			"to": [7.56962, 9.65, 14.2],
			"rotation": {"angle": 22.5, "axis": "z", "origin": [7.5, 9.3, 12.575]},
			"faces": {
				"north": {"uv": [2, 2, 3.139, 2.875], "texture": "#0"},
				"south": {"uv": [2, 2.25, 3.139, 3.125], "texture": "#0"},
				"up": {"uv": [4.75, 6.25, 5.889, 7.125], "texture": "#0"},
				"down": {"uv": [4.75, 6.25, 5.889, 7.125], "texture": "#0"}
			}
		},
		{
			"name": "hexadecagon",
			"from": [8.85538, 8.7, 12.075],
			"to": [8.99462, 9.4, 14.2],
			"rotation": {"angle": 45, "axis": "z", "origin": [8.925, 9.05, 12.575]},
			"faces": {
				"north": {"uv": [1.75, 1.75, 2.75, 2.75], "texture": "#0"},
				"south": {"uv": [2, 1.5, 3, 2.5], "texture": "#0"},
				"up": {"uv": [4.5, 6.25, 5.5, 7.25], "texture": "#0"},
				"down": {"uv": [4.5, 6.25, 5.5, 7.25], "texture": "#0"}
			}
		},
		{
			"name": "hexadecagon",
			"from": [8.18038, 9.025, 12.075],
			"to": [8.31962, 9.725, 14.2],
			"rotation": {"angle": 45, "axis": "z", "origin": [8.25, 9.375, 12.575]},
			"faces": {
				"north": {"uv": [1.75, 1.75, 2.75, 2.75], "texture": "#0"},
				"south": {"uv": [2, 1.5, 3, 2.5], "texture": "#0"},
				"up": {"uv": [4.5, 6.25, 5.5, 7.25], "texture": "#0"},
				"down": {"uv": [4.5, 6.25, 5.5, 7.25], "texture": "#0"}
			}
		},
		{
			"name": "hexadecagon",
			"from": [7.43038, 8.95, 12.075],
			"to": [7.56962, 9.65, 14.2],
			"rotation": {"angle": 45, "axis": "z", "origin": [7.5, 9.3, 12.575]},
			"faces": {
				"north": {"uv": [1.75, 1.75, 2.75, 2.75], "texture": "#0"},
				"south": {"uv": [2, 1.5, 3, 2.5], "texture": "#0"},
				"up": {"uv": [4.5, 6.25, 5.5, 7.25], "texture": "#0"},
				"down": {"uv": [4.5, 6.25, 5.5, 7.25], "texture": "#0"}
			}
		},
		{
			"name": "hexadecagon",
			"from": [8.575, 8.98038, 12.075],
			"to": [9.275, 9.11962, 14.2],
			"rotation": {"angle": -22.5, "axis": "z", "origin": [8.925, 9.05, 12.575]},
			"faces": {
				"north": {"uv": [2.5, 1.5, 3.5, 2.5], "texture": "#0"},
				"east": {"uv": [4.75, 6.25, 5.75, 7.25], "texture": "#0"},
				"south": {"uv": [1.75, 1.75, 2.75, 2.75], "texture": "#0"},
				"west": {"uv": [4.75, 6.25, 5.75, 7.25], "texture": "#0"}
			}
		},
		{
			"name": "hexadecagon",
			"from": [7.9, 9.30538, 12.075],
			"to": [8.6, 9.44462, 14.2],
			"rotation": {"angle": -22.5, "axis": "z", "origin": [8.25, 9.375, 12.575]},
			"faces": {
				"north": {"uv": [2.5, 1.5, 3.5, 2.5], "texture": "#0"},
				"east": {"uv": [4.75, 6.25, 5.75, 7.25], "texture": "#0"},
				"south": {"uv": [1.75, 1.75, 2.75, 2.75], "texture": "#0"},
				"west": {"uv": [4.75, 6.25, 5.75, 7.25], "texture": "#0"}
			}
		},
		{
			"name": "hexadecagon",
			"from": [7.15, 9.23038, 12.075],
			"to": [7.85, 9.36962, 14.2],
			"rotation": {"angle": -22.5, "axis": "z", "origin": [7.5, 9.3, 12.575]},
			"faces": {
				"north": {"uv": [2.5, 1.5, 3.5, 2.5], "texture": "#0"},
				"east": {"uv": [4.75, 6.25, 5.75, 7.25], "texture": "#0"},
				"south": {"uv": [1.75, 1.75, 2.75, 2.75], "texture": "#0"},
				"west": {"uv": [4.75, 6.25, 5.75, 7.25], "texture": "#0"}
			}
		},
		{
			"name": "hexadecagon",
			"from": [8.575, 8.98038, 12.075],
			"to": [9.275, 9.11962, 14.2],
			"rotation": {"angle": 0, "axis": "z", "origin": [8.925, 9.05, 12.575]},
			"faces": {
				"north": {"uv": [1.75, 1.5, 2.75, 2.5], "texture": "#0"},
				"east": {"uv": [4.25, 6, 5.25, 7], "texture": "#0"},
				"south": {"uv": [2.25, 2.5, 3.25, 3.5], "texture": "#0"},
				"west": {"uv": [4.25, 6, 5.25, 7], "texture": "#0"}
			}
		},
		{
			"name": "hexadecagon",
			"from": [7.9, 9.30538, 12.075],
			"to": [8.6, 9.44462, 14.2],
			"rotation": {"angle": 0, "axis": "z", "origin": [8.25, 9.375, 12.575]},
			"faces": {
				"north": {"uv": [1.75, 1.5, 2.75, 2.5], "texture": "#0"},
				"east": {"uv": [4.25, 6, 5.25, 7], "texture": "#0"},
				"south": {"uv": [2.25, 2.5, 3.25, 3.5], "texture": "#0"},
				"west": {"uv": [4.25, 6, 5.25, 7], "texture": "#0"}
			}
		},
		{
			"name": "hexadecagon",
			"from": [7.15, 9.23038, 12.075],
			"to": [7.85, 9.36962, 14.2],
			"rotation": {"angle": 0, "axis": "z", "origin": [7.5, 9.3, 12.575]},
			"faces": {
				"north": {"uv": [1.75, 1.5, 2.75, 2.5], "texture": "#0"},
				"east": {"uv": [4.25, 6, 5.25, 7], "texture": "#0"},
				"south": {"uv": [2.25, 2.5, 3.25, 3.5], "texture": "#0"},
				"west": {"uv": [4.25, 6, 5.25, 7], "texture": "#0"}
			}
		},
		{
			"name": "hexadecagon",
			"from": [8.575, 8.98038, 12.075],
			"to": [9.275, 9.11962, 14.2],
			"rotation": {"angle": 22.5, "axis": "z", "origin": [8.925, 9.05, 12.575]},
			"faces": {
				"north": {"uv": [2.25, 2.25, 2.95, 2.389], "texture": "#0"},
				"east": {"uv": [2.5, 6.75, 3.2, 6.889], "texture": "#0"},
				"south": {"uv": [2.25, 2, 2.95, 2.139], "texture": "#0"},
				"west": {"uv": [2.5, 6.75, 3.2, 6.889], "texture": "#0"}
			}
		},
		{
			"name": "hexadecagon",
			"from": [7.9, 9.30538, 12.075],
			"to": [8.6, 9.44462, 14.2],
			"rotation": {"angle": 22.5, "axis": "z", "origin": [8.25, 9.375, 12.575]},
			"faces": {
				"north": {"uv": [2.25, 2.25, 2.95, 2.389], "texture": "#0"},
				"east": {"uv": [2.5, 6.75, 3.2, 6.889], "texture": "#0"},
				"south": {"uv": [2.25, 2, 2.95, 2.139], "texture": "#0"},
				"west": {"uv": [2.5, 6.75, 3.2, 6.889], "texture": "#0"}
			}
		},
		{
			"name": "hexadecagon",
			"from": [7.15, 9.23038, 12.075],
			"to": [7.85, 9.36962, 14.2],
			"rotation": {"angle": 22.5, "axis": "z", "origin": [7.5, 9.3, 12.575]},
			"faces": {
				"north": {"uv": [2.25, 2.25, 2.95, 2.389], "texture": "#0"},
				"east": {"uv": [2.5, 6.75, 3.2, 6.889], "texture": "#0"},
				"south": {"uv": [2.25, 2, 2.95, 2.139], "texture": "#0"},
				"west": {"uv": [2.5, 6.75, 3.2, 6.889], "texture": "#0"}
			}
		},
		{
			"from": [7.8, 6.6, 8.725],
			"to": [8.2, 7, 10.025],
			"rotation": {"angle": 0, "axis": "y", "origin": [15.5, 14, 18.025]},
			"faces": {
				"east": {"uv": [0.5, 5.75, 7.8, 7.399], "rotation": 270, "texture": "#0"},
				"south": {"uv": [3, 5.75, 4.55, 7.399], "rotation": 270, "texture": "#0"},
				"west": {"uv": [0.75, 5.5, 1.3, 7.399], "rotation": 270, "texture": "#0"},
				"up": {"uv": [0.5, 5.75, 7.8, 7.399], "rotation": 270, "texture": "#0"},
				"down": {"uv": [0.5, 5.5, 1.15, 7.3], "rotation": 180, "texture": "#0"}
			}
		},
		{
			"from": [7.8, 6.6, 8.325],
			"to": [8.2, 7, 8.725],
			"rotation": {"angle": 0, "axis": "y", "origin": [15.5, 14, 15.725]},
			"faces": {
				"north": {"uv": [1, 7.147, 4.147, 3.25], "rotation": 180, "texture": "#0"},
				"east": {"uv": [0.5, 0.5, 7.648, 7.398], "rotation": 90, "texture": "#0"},
				"west": {"uv": [7.648, 0.5, 0.5, 7.398], "rotation": 270, "texture": "#0"},
				"up": {"uv": [0.5, 0.5, 7.648, 7.398], "rotation": 270, "texture": "#0"},
				"down": {"uv": [7.147, 1, 5.25, 3.147], "texture": "#0"}
			}
		}
	],
	"display": {
		"thirdperson_righthand": {
			"translation": [0, 1.75, -1.5],
			"scale": [1.32, 1.32, 1.32]
		},
		"thirdperson_lefthand": {
			"translation": [0, 1.75, -1.5],
			"scale": [1.32, 1.32, 1.32]
		},
		"firstperson_righthand": {
			"rotation": [3.25, 7.75, -6],
			"translation": [-3, 4.5, 0.5],
			"scale": [1.39, 1.39, 1.39]
		},
		"firstperson_lefthand": {
			"rotation": [3.25, 7.75, -6],
			"translation": [-3, 4.5, 0.5],
			"scale": [1.39, 1.39, 1.39]
		},
		"ground": {
			"scale": [1.79, 1.79, 1.79]
		},
		"gui": {
			"rotation": [-44, 142, 40],
			"translation": [0.5, -0.75, 0],
			"scale": [1.59, 1.59, 1.59]
		},
		"fixed": {
			"rotation": [89, 0, 85],
			"translation": [0.75, 0, -4.75],
			"scale": [4, 4, 4]
		}
	},
	"groups": [
		{
			"name": "hexadecagon",
			"origin": [8, 8, 8],
			"children": []
		},
		{
			"name": "hexadecagon",
			"origin": [8, 8, 8],
			"children": []
		},
		{
			"name": "hexadecagon",
			"origin": [8, 8, 8],
			"children": [0, 1, 2, 3, 4, 5, 6, 7, 8, 9]
		},
		{
			"name": "hexadecagon",
			"origin": [8, 8, 8],
			"children": [10, 11, 12, 13, 14, 15, 16, 17, 18, 19, 20, 21, 22, 23, 24, 25, 26, 27, 28, 29, 30, 31, 32, 33, 34, 35]
		}
	]
}