{
	"credit": "Made with Blockbench",
	"textures": {
		"0": "./line",
		"1": "./gunplus_front",
		"particle": "./line"
	},
	"elements": [
		{
			"from": [0, 0, 7.525],
			"to": [16, 16, 7.8],
			"faces": {
				"north": {"uv": [0, 0, 16, 16], "texture": "#1"},
				"south": {"uv": [0, 0, 16, 16], "texture": "#1"}
			}
		},
		{
			"from": [0, 3.925, 7.5],
			"to": [16, 5.65, 7.825],
			"faces": {
				"north": {"uv": [0, 0, 16, 15.99], "texture": "#0"},
				"south": {"uv": [0, 0, 16, 15.99], "texture": "#0"}
			}
		}
	],
	"display": {
		"thirdperson_righthand": {
			"rotation": [12, 0, -62],
			"translation": [-0.25, 2.75, 1],
			"scale": [0.41, 0.41, 0.41]
		},
		"thirdperson_lefthand": {
			"rotation": [12, 0, -62],
			"translation": [-0.25, 2.75, 1],
			"scale": [0.41, 0.41, 0.41]
		},
		"firstperson_righthand": {
			"translation": [-0.25, 3, -6.5]
		},
		"gui": {
			"rotation": [-19, -7, 36],
			"translation": [0, 0.5, 0],
			"scale": [0.85, 0.85, 0.85]
		}
	}
}