{
	"credit": "Made with Blockbench",
	"parent": "block/block",
	"textures": {
		"particle": "block/soul_lantern",
		"all": "block/soul_lantern"
	},
	"elements": [
		{
			"from": [5, 1, 5],
			"to": [11, 8, 11],
			"faces": {
				"north": {"uv": [6, 2, 12, 9], "texture": "#all"},
				"east": {"uv": [6, 2, 12, 9], "texture": "#all"},
				"south": {"uv": [6, 2, 12, 9], "texture": "#all"},
				"west": {"uv": [6, 2, 12, 9], "texture": "#all"},
				"up": {"uv": [0, 9, 6, 15], "texture": "#all"},
				"down": {"uv": [0, 9, 6, 15], "texture": "#all"}
			}
		},
		{
			"from": [5.3924, 1.3692, 5.3924],
			"to": [10.6076, 7.4536, 10.6076],
			"rotation": {"angle": 0, "axis": "y", "origin": [8, 6.9536, 8]},
			"faces": {
				"north": {"uv": [0, 2, 6, 9], "texture": "#all"},
				"east": {"uv": [0, 2, 6, 9], "texture": "#all"},
				"south": {"uv": [0, 2, 6, 9], "texture": "#all"},
				"west": {"uv": [0, 2, 6, 9], "texture": "#all"},
				"up": {"uv": [0, 9, 6, 15], "texture": "#all"},
				"down": {"uv": [0, 9, 6, 15], "texture": "#all"}
			}
		},
		{
			"from": [6, 8, 6],
			"to": [10, 10, 10],
			"faces": {
				"north": {"uv": [1, 0, 5, 2], "texture": "#all"},
				"east": {"uv": [1, 0, 5, 2], "texture": "#all"},
				"south": {"uv": [1, 0, 5, 2], "texture": "#all"},
				"west": {"uv": [1, 0, 5, 2], "texture": "#all"},
				"up": {"uv": [1, 10, 5, 14], "texture": "#all"},
				"down": {"uv": [1, 10, 5, 14], "texture": "#all"}
			}
		},
		{
			"from": [8, 10, 6.5],
			"to": [8, 12, 9.5],
			"shade": false,
			"rotation": {"angle": -45, "axis": "y", "origin": [8, 8, 8]},
			"faces": {
				"east": {"uv": [12, 10, 15, 12], "texture": "#all"},
				"west": {"uv": [12, 10, 15, 12], "texture": "#all"}
			}
		},
		{
			"from": [8, 10, 6.5],
			"to": [8, 12, 9.5],
			"shade": false,
			"rotation": {"angle": 45, "axis": "y", "origin": [8, 8, 8]},
			"faces": {
				"east": {"uv": [12, 10, 15, 12], "texture": "#all"},
				"west": {"uv": [12, 10, 15, 12], "texture": "#all"}
			}
		}
	],
	"display": {
		"thirdperson_righthand": {
			"rotation": [66.5, 0, 0],
			"translation": [0, 3.5, 3],
			"scale": [0.6, 0.6, 0.6]
		},
		"thirdperson_lefthand": {
			"rotation": [66.5, 0, 0],
			"translation": [0, 3.5, 3],
			"scale": [0.6, 0.6, 0.6]
		},
		"firstperson_righthand": {
			"rotation": [13.25, 0, -5.75],
			"translation": [2, 5.5, 0.25],
			"scale": [0.71, 0.71, 0.71]
		},
		"firstperson_lefthand": {
			"rotation": [13.25, 0, -5.75],
			"translation": [2, 5.5, 0.25],
			"scale": [0.71, 0.71, 0.71]
		},
		"ground": {
			"translation": [0, 3.5, 0],
			"scale": [0.8, 0.8, 0.8]
		},
		"gui": {
			"rotation": [0, 30.25, -11.75],
			"translation": [1, 0, 0],
			"scale": [0.99, 0.99, 0.99]
		},
		"head": {
			"translation": [0, 14.25, -0.25]
		},
		"fixed": {
			"translation": [0, 0, -4.5],
			"scale": [1.5, 1.5, 1.5]
		}
	}
}