{
	"credit": "Made with Blockbench",
	"textures": {
		"0": "./texture",
		"particle": "putty/texture",
		"info": "./putty_info"
	},
	"elements": [
		{
			"from": [6.67917, 7.10208, 6.06667],
			"to": [9.67917, 8.10208, 12.06667],
			"rotation": {"angle": 0, "axis": "y", "origin": [14.67917, 15.10208, 17.06667]},
			"faces": {
				"north": {"uv": [0, 12, 5, 14], "texture": "#0"},
				"east": {"uv": [0, 0, 16, 2], "texture": "#0"},
				"south": {"uv": [9, 3, 16, 5], "texture": "#0"},
				"west": {"uv": [0, 0, 16, 2], "texture": "#0"},
				"up": {"uv": [0, 3, 5, 12.999], "texture": "#0"},
				"down": {"uv": [9, 3, 16, 5], "texture": "#0"}
			}
		},
		{
			"from": [7.00417, 7.52708, 2.06667],
			"to": [7.20417, 7.72708, 6.06667],
			"rotation": {"angle": 0, "axis": "y", "origin": [15.00417, 15.52708, 13.06667]},
			"faces": {
				"north": {"uv": [5, 2, 8, 5], "texture": "#0"},
				"east": {"uv": [5, 2, 8, 5], "texture": "#0"},
				"south": {"uv": [5, 2, 8, 5], "texture": "#0"},
				"west": {"uv": [5, 2, 8, 5], "texture": "#0"},
				"up": {"uv": [5, 2, 8, 5], "texture": "#0"},
				"down": {"uv": [5, 2, 8, 5], "texture": "#0"}
			}
		},
		{
			"from": [7.67917, 8.10208, 7.21667],
			"to": [8.67917, 8.50208, 8.21667],
			"rotation": {"angle": 0, "axis": "y", "origin": [15.67917, 16.10208, 15.21667]},
			"faces": {
				"north": {"uv": [15, 15, 16, 16], "texture": "#0"},
				"east": {"uv": [15, 15, 16, 16], "texture": "#0"},
				"south": {"uv": [15, 15, 16, 16], "texture": "#0"},
				"west": {"uv": [15, 15, 16, 16], "texture": "#0"},
				"up": {"uv": [5, 6, 15, 16], "texture": "#0"}
			}
		},
		{
			"from": [7.50417, 8.10208, 7.21667],
			"to": [8.85417, 8.37708, 8.21667],
			"rotation": {"angle": 0, "axis": "y", "origin": [15.67917, 16.10208, 15.21667]},
			"faces": {
				"north": {"uv": [15, 15, 16, 16], "texture": "#0"},
				"east": {"uv": [15, 15, 16, 16], "texture": "#0"},
				"south": {"uv": [15, 15, 16, 16], "texture": "#0"},
				"west": {"uv": [15, 15, 16, 16], "texture": "#0"},
				"up": {"uv": [5, 6, 15, 16], "texture": "#0"}
			}
		},
		{
			"from": [7.67917, 7.95208, 7.04167],
			"to": [8.67917, 8.37708, 8.39167],
			"rotation": {"angle": 0, "axis": "z", "origin": [0.67917, 16.10208, 15.21667]},
			"faces": {
				"north": {"uv": [15, 15, 16, 16], "texture": "#0"},
				"east": {"uv": [15, 15, 16, 16], "texture": "#0"},
				"south": {"uv": [15, 15, 16, 16], "texture": "#0"},
				"west": {"uv": [15, 15, 16, 16], "texture": "#0"},
				"up": {"uv": [5, 6, 15, 16], "rotation": 90, "texture": "#0"}
			}
		},
		{
			"from": [7.55417, 8.00208, 7.09167],
			"to": [8.80417, 8.12708, 8.34167],
			"rotation": {"angle": 0, "axis": "y", "origin": [15.67917, 16.10208, 15.21667]},
			"faces": {
				"north": {"uv": [15, 15, 16, 16], "texture": "#0"},
				"east": {"uv": [15, 15, 16, 16], "texture": "#0"},
				"south": {"uv": [15, 15, 16, 16], "texture": "#0"},
				"west": {"uv": [15, 15, 16, 16], "texture": "#0"},
				"up": {"uv": [5, 6, 15, 16], "texture": "#0"}
			}
		},
		{
			"from": [7.45, 8.125, 9.525],
			"to": [8.95, 8.125, 11],
			"rotation": {"angle": 0, "axis": "y", "origin": [15.45, 15.125, 18.025]},
			"faces": {
				"up": {"uv": [0, 0, 16, 16], "texture": "#info"}
			}
		}
	],
	"display": {
		"thirdperson_righthand": {
			"rotation": [92, 0, 0],
			"translation": [0, 3.75, 1.25],
			"scale": [0.91, 0.91, 0.91]
		},
		"thirdperson_lefthand": {
			"rotation": [92, 0, 0],
			"translation": [0, 3.75, 1.25],
			"scale": [0.91, 0.91, 0.91]
		},
		"firstperson_righthand": {
			"rotation": [75.25, 9, 0],
			"translation": [-3.75, 5.75, 3.75],
			"scale": [0.63, 0.63, 0.63]
		},
		"firstperson_lefthand": {
			"rotation": [75.25, 9, 0],
			"translation": [-3.75, 5.75, 3.75],
			"scale": [0.63, 0.63, 0.63]
		},
		"ground": {
			"translation": [0, 0, -1.25],
			"scale": [1.35, 1.35, 1.35]
		},
		"gui": {
			"rotation": [74.75, 31, 0],
			"translation": [-0.25, 0, -0.25],
			"scale": [1.7, 1.7, 1.7]
		},
		"head": {
			"translation": [9.25, -5.5, -19.75],
			"scale": [2.14, 2.14, 2.14]
		},
		"fixed": {
			"rotation": [90, 0, -180],
			"translation": [1.25, 0.75, -3.5],
			"scale": [2.75, 2.75, 2.75]
		}
	}
}